1.13574,-0.85840,-0.85059,0.02734,-0.04462,0.63037,1.33887,-0.78809,-0.73828,-1.80176,-1.36426,0.21423,-1.07520,-1.42578,2.39258,1.56445,-1.09180,-1.06641,0.76562,-0.10236,-0.40845,-0.02098,0.86230,0.44873,-1.74902,-0.90674,2.23047,-0.67773,0.70752,1.27930,1.19727,-2.39844,-3.44531,1.53320,2.36523,-0.04178
2.33203,0.24756,-1.40820,-1.12598,-0.96143,0.65527,-0.73975,-2.01172,-0.62451,-0.16809,0.25513,0.54834,-1.04980,-1.24609,0.01747,0.54541,-0.31738,-1.23047,0.03271,-1.34180,-1.47949,-1.55469,-1.25000,0.08295,-0.17468,0.31348,2.67188,-0.04373,-2.31445,-1.71484,0.01678,-0.24609,-0.79785,-0.52197,0.49341,-1.38574
-0.49243,-0.26978,0.29932,-0.57275,-0.09076,-0.77637,1.08594,0.11255,-0.05884,-0.44312,-0.22131,0.55859,1.32227,0.03510,-0.50195,-0.82373,0.76465,0.29419,-0.27710,-0.89160,-0.07971,-0.03668,-0.26855,0.68213,0.90869,-0.87793,-0.23401,-0.35010,-1.64551,-1.22461,0.86523,1.04102,0.06683,-0.77344,-0.05484,1.24121
-0.71143,-0.37158,-0.07788,-0.38013,0.27197,-0.48071,0.88135,-0.68066,-0.14758,-0.72607,-0.28174,0.42212,-0.21326,-0.59961,-0.56494,-0.78174,-0.80371,0.04037,0.51318,0.99170,0.94189,1.57812,1.62207,2.01367,0.93506,0.60400,0.76367,-0.31104,-0.35791,0.99365,0.72314,0.38184,-0.28979,-0.67529,-0.02071,1.13672
1.25195,1.46094,1.19727,0.43262,0.29321,-0.77246,-0.97021,1.23535,0.46143,0.77344,1.17871,2.38281,0.67188,-1.83105,0.61328,-0.49756,-0.30444,-0.99121,2.98242,-0.97607,-0.35278,-1.27148,-1.11035,-3.47852,-2.43945,-0.21790,-0.69385,2.28711,0.18176,-0.13281,1.69434,1.03906,-2.14062,-1.00293,0.25708,-1.45898
0.22461,-1.88379,0.16370,-0.78760,-0.94922,-0.92627,-0.50439,0.05859,-0.05115,-0.42212,0.58057,-0.30981,1.22266,0.10339,-1.40820,0.49097,-0.39258,-0.55713,-0.24951,-0.24634,0.68896,-0.72559,-0.53711,-0.68652,-0.48462,0.32715,-0.43311,0.73779,0.73096,-0.48145,-0.15405,-0.28760,-1.01855,0.52539,-1.02734,-0.56787
-2.07422,-0.14368,-0.93311,0.82129,1.08691,0.60107,-0.75098,0.48926,0.58252,0.27271,-0.26440,-0.78027,0.13977,0.29004,0.65137,0.32764,0.32715,1.16211,-0.44287,1.11621,0.05774,-0.13245,0.55322,-1.02148,0.94873,-1.00879,0.47998,-0.26050,0.20532,0.00270,-0.00022,0.41333,0.07190,0.03162,0.14294,0.33179
1.06152,-0.25562,-1.19434,0.01109,-0.42725,0.30249,-0.77783,-2.48438,-1.47949,-0.00763,0.67822,1.26367,-0.26807,-0.75830,0.12817,0.94385,-0.86914,0.98242,-0.61475,0.22632,-0.21790,-0.03201,-0.31421,-0.33667,-0.62012,0.17932,-1.03906,-0.57031,-1.70117,-1.19922,-2.01562,-0.37646,-0.36914,-0.10315,1.78320,-0.07013
-0.71729,-1.02832,-1.55078,0.34814,0.51904,-0.76660,-1.68848,-1.87012,-0.65625,0.24890,-0.45825,-0.37646,0.96094,0.55273,-0.24487,0.50244,1.75781,1.03711,-0.82715,-0.51416,-0.68896,-1.50293,-0.39673,-0.84814,0.71680,1.30957,1.11426,0.86230,0.16748,0.62109,-0.10895,0.56836,1.08594,-0.00487,0.41821,0.48242
1.03125,0.79834,1.08984,0.43188,-0.34668,0.65527,0.50439,-0.33252,-0.40186,1.21582,0.94775,-1.06641,-1.18457,-1.09375,-0.62891,-0.20178,-0.97412,0.36743,-1.49414,0.11957,-3.04883,0.99561,2.72461,2.00195,2.19141,0.19458,1.56445,-1.77246,1.89258,1.63867,0.34692,2.83789,0.25244,1.59863,0.95020,0.29565
0.19971,0.81543,1.15625,1.01953,1.44629,0.38989,1.71875,0.75439,-0.75439,0.92236,0.33447,0.71240,-0.22693,-0.58057,-1.01465,-1.43652,-1.82324,0.60645,-1.20410,0.91211,-1.80371,-0.71924,1.43262,4.39453,2.76953,-1.39746,2.64453,2.44727,0.81250,0.24390,0.09741,1.50586,0.86035,1.50391,0.48462,-0.22705
-0.97412,-0.19263,-0.41870,0.99902,1.34570,0.62158,-0.67822,0.36279,0.56152,0.25903,-0.22900,-0.84814,0.06177,0.23669,0.64648,0.20740,0.18433,0.85889,0.00596,0.09753,-0.04965,0.06665,-0.02629,-0.00134,-0.03537,-0.01651,-0.01003,-0.00858,-0.04105,0.01633,0.01361,0.08490,0.08197,-0.17017,-0.02324,0.19470
0.74316,-0.03625,-0.49780,0.51025,1.18066,0.26904,0.00770,-0.27222,0.35522,-0.10254,1.98047,1.89844,0.68262,0.81104,-0.94336,-0.04178,-0.50439,-0.58984,0.00877,0.92334,0.65332,0.03992,-0.09503,0.26807,0.88867,0.11414,-0.25317,-0.01235,0.61621,1.37305,0.20398,0.82178,1.28125,0.34326,0.05524,-0.28271
-0.20361,-0.19482,-0.65869,-2.58984,-1.23438,-1.95996,-0.29883,0.25684,-1.31836,-1.86230,-1.90820,-1.24512,0.69824,1.91016,4.46094,3.23828,3.53125,2.98828,-0.78613,1.38867,0.51367,2.13281,3.46094,0.79297,-1.14453,-0.51318,1.22168,0.27905,-1.25391,-2.47070,0.52490,-2.82617,-3.62695,0.86279,-0.44238,1.80371
-0.11945,1.20020,0.15027,0.95898,0.86621,0.36206,-0.30078,1.23828,1.31250,-0.61719,-1.07227,-1.16699,1.02539,1.35156,1.74609,2.60938,0.73877,0.69189,-0.94434,2.36523,0.52979,0.84375,1.91602,-0.28833,-2.03516,-0.29272,-1.23242,1.94629,2.44922,0.26270,2.44141,0.67725,-0.24207,-1.74609,-1.83984,0.96631
0.37598,-0.58350,0.40112,0.04614,0.54541,0.18542,0.79492,-0.66016,-0.35278,2.00781,1.13574,0.82812,-0.21167,-0.68701,0.53027,0.66357,0.32031,-0.14490,1.31738,0.22302,0.20410,0.14221,-0.86328,-1.04395,-0.50586,0.66162,-1.25293,1.38574,-0.25708,-0.57227,0.60498,-1.45410,0.74219,-0.41138,-2.25391,0.72266
0.06909,-2.80664,0.44287,-2.09375,0.77930,-2.18750,-1.18457,0.75830,-2.88867,-1.92090,-1.13672,3.38086,-1.37891,-0.12329,-0.15027,-0.06793,-1.35840,0.21545,-0.19495,-1.68848,-0.01700,-1.70703,2.50586,0.66699,0.24524,-1.78711,-0.28198,-0.95166,-1.93457,-2.18750,-0.51270,1.07520,0.18335,1.98438,0.94678,0.51416
1.35156,0.09424,1.70020,1.35938,1.52246,0.46826,1.37012,-0.82568,-0.44556,-0.05588,0.99609,0.56152,-0.08954,1.18457,0.59814,-0.58936,0.40503,-0.82129,-0.18311,-0.12225,-0.08008,0.51025,0.83252,0.21716,0.16455,0.53174,0.42700,0.90918,0.61670,-0.10748,-0.49854,0.11530,-0.00427,0.18250,-1.39551,-0.39600
1.35547,0.68359,0.84033,-0.47778,0.08789,-0.37109,0.33960,-1.89844,0.55957,-0.48926,-0.92969,-0.52148,-1.47070,0.04855,-2.26367,-0.57666,-1.01074,-1.05273,-0.02315,-1.83691,1.76758,1.37891,-1.88379,-0.73340,-1.52539,2.50586,-0.97412,-1.58398,-1.68457,0.58301,3.42578,0.85303,1.38184,1.79004,0.93896,2.25781
-2.77539,3.08594,-0.39648,0.93408,0.56543,-0.82764,1.91797,0.50781,0.40137,-0.09204,-0.18799,0.19592,-1.73926,-0.73779,-0.59326,-0.75195,-0.20398,-0.97510,-1.27148,0.49731,-1.34570,0.87744,0.60645,2.24805,1.12500,0.75049,0.95068,-0.36963,0.38086,0.82471,0.47607,1.08105,-1.22559,-0.02486,2.41016,1.14551
-0.32715,-0.07733,-1.78613,0.00406,-1.15137,-1.19434,-0.91992,0.18701,-0.00862,-0.15222,-0.59961,0.04575,0.06970,0.32617,0.02802,0.01048,0.96631,-0.04166,0.14514,0.13281,-0.28809,-0.23840,-0.25171,0.28320,-0.12622,0.66211,1.18848,1.12402,-0.10150,-0.02809,-0.09326,-0.03317,0.41138,-0.61963,0.71387,0.06860
1.61719,-0.27393,-0.19702,-0.54053,-1.05078,-1.20996,-0.54932,-2.15820,-0.18445,-0.64453,-0.86523,0.44165,0.65381,-0.30054,-0.48096,1.72656,1.17480,0.49927,-0.14807,-0.37427,-0.76416,-0.62598,0.07153,-0.59375,-0.49927,-0.71484,0.28857,-0.81592,-0.12512,0.24341,-0.28809,-0.03014,0.05246,0.56885,0.06848,-0.03729
-0.97412,-0.19263,-0.41870,0.99902,1.34570,0.62158,-0.67822,0.36279,0.56152,0.25903,-0.22900,-0.84814,0.06177,0.23669,0.64648,0.20740,0.18433,0.85889,0.00596,0.09753,-0.04965,0.06665,-0.02629,-0.00134,-0.03537,-0.01651,-0.01003,-0.00858,-0.04105,0.01633,0.01361,0.08490,0.08197,-0.17017,-0.02324,0.19470
0.03403,-0.27002,0.25781,-0.02759,-0.95312,-1.19434,1.21582,0.91699,1.09766,0.54932,-1.13184,0.40601,1.12988,1.78223,-0.08563,-1.43848,-0.70703,0.12744,1.14258,1.61035,1.39160,0.78467,-0.72168,0.94824,0.06519,-0.01096,0.21375,0.30151,0.58643,0.32642,-0.76611,0.49854,1.05469,1.79395,2.21484,1.74805
-0.97412,-0.19263,-0.41870,0.99902,1.34570,0.62158,-0.67822,0.36279,0.56152,0.25903,-0.22900,-0.84814,0.06177,0.23669,0.64648,0.20740,0.18433,0.85889,0.00596,0.09753,-0.04965,0.06665,-0.02629,-0.00134,-0.03537,-0.01651,-0.01003,-0.00858,-0.04105,0.01633,0.01361,0.08490,0.08197,-0.17017,-0.02324,0.19470
1.61035,-0.13086,-0.04456,-0.61377,-1.05566,0.06824,-0.17395,-0.72656,-1.29590,0.13794,-0.74609,-0.09198,0.23523,-0.73682,1.31738,1.01270,-0.08282,-0.15186,0.24939,0.33618,-0.30981,-0.53369,-0.76758,-0.10608,-0.33862,-2.04688,-1.18262,1.48438,0.72705,0.39185,1.48633,-0.33130,0.74219,-0.11957,-0.25806,0.65723
1.95605,0.83105,-1.21680,-0.94385,-1.40234,1.51270,-1.06543,1.16699,0.29248,3.18164,0.18079,-2.18555,2.86914,-1.93555,-0.92725,1.03027,0.91064,-0.80469,2.21094,-2.79102,-1.98438,-3.73438,-2.19531,0.09375,-1.45801,0.85840,-0.24951,-0.69287,-2.82812,-3.53125,1.09961,-0.15808,0.18433,1.05957,1.70215,-0.27612
1.10938,-0.50977,3.54492,0.70801,-0.11108,-1.71582,-2.79883,-0.24170,0.81494,1.55566,-1.06055,0.09540,-0.54980,-1.59863,1.49414,-0.23303,-1.35938,0.78125,0.50342,-1.56250,-0.02727,0.79785,-1.62891,0.52930,-0.16833,-1.22461,0.32129,0.35083,-0.38062,-1.25781,-0.61572,0.58008,0.41748,0.83447,-0.51074,-0.02470
0.40112,-1.05371,0.16150,-0.67383,-0.03940,-0.39795,2.07227,-0.27808,-0.22546,1.54883,1.10156,1.56641,-1.22363,-1.03516,-0.80518,-0.16602,-0.88428,-0.85254,-1.77051,1.28223,-0.98389,-0.50195,0.91309,-0.81885,0.42700,0.60352,-1.31543,0.38672,-1.06641,-0.49902,-0.14856,-0.56836,1.03906,0.31592,1.52832,0.68701
0.65723,0.59668,-0.76514,-0.52637,-0.45679,0.92529,0.03104,0.20471,0.16675,-0.14355,0.97754,0.08759,-1.73438,-1.25488,-1.23730,-1.06055,-0.54004,-1.31543,-2.03711,-0.67334,-0.03751,1.47168,0.21777,-0.41797,-0.51221,-0.59326,1.77246,0.95508,1.76074,2.98828,0.95117,0.64111,1.66895,2.25391,0.57764,1.12988
-1.19141,0.01584,-0.87207,-0.20349,-0.59668,-0.51025,-1.10059,1.10254,0.90039,2.06055,0.78906,-1.52734,-1.22070,-0.26489,1.13770,2.08594,2.10938,-0.41113,-0.11151,-0.36670,0.55518,0.97314,-0.05829,-0.90869,-0.57812,-0.69141,-0.55420,-0.86328,-0.78320,0.31128,-0.41821,-0.14807,0.30103,-1.06055,-0.02092,0.35938
-0.97412,-0.19263,-0.41870,0.99902,1.34570,0.62158,-0.67822,0.36279,0.56152,0.25903,-0.22900,-0.84814,0.06177,0.23669,0.64648,0.20740,0.18433,0.85889,0.00596,0.09753,-0.04965,0.06665,-0.02629,-0.00134,-0.03537,-0.01651,-0.01003,-0.00858,-0.04105,0.01633,0.01361,0.08490,0.08197,-0.17017,-0.02324,0.19470
0.22986,0.73975,0.65869,0.06378,-0.45728,-1.30664,-1.61621,-0.86914,0.37817,0.55762,0.01991,-0.28320,0.00172,0.62939,0.14343,0.35522,-1.34473,0.84229,0.02654,-0.58008,0.43799,0.29175,0.23682,-0.26562,-0.25269,1.49414,-0.27783,0.61377,-0.61084,-0.33130,0.89062,-0.47949,-0.54980,0.93555,1.13965,-0.55469
-0.68848,1.40430,0.60059,1.68359,2.01953,2.09570,0.74463,1.72559,2.31641,1.14258,1.32715,0.70996,2.24609,0.92139,0.48779,-0.65381,-0.45288,0.54639,0.31299,-0.18030,0.84668,0.15320,0.61670,0.64355,-0.50000,-0.10345,0.50732,0.95996,0.45044,-0.40186,-0.07996,0.33447,0.23010,0.73535,0.23230,0.64355
1.30176,-0.51904,1.20996,0.06836,-0.04321,0.55518,1.26465,0.40039,-1.72461,-1.13477,0.65674,1.77832,1.55957,-0.00433,-0.49585,0.81006,1.62012,-0.62793,-0.10236,0.31445,-0.26416,-0.51562,-0.14465,0.72119,-0.13159,0.65723,-0.46484,0.64014,-0.21399,0.38159,0.48315,0.07544,0.21851,-1.39453,-0.56787,0.77344
-0.97412,-0.19263,-0.41870,0.99902,1.34570,0.62158,-0.67822,0.36279,0.56152,0.25903,-0.22900,-0.84814,0.06177,0.23669,0.64648,0.20740,0.18433,0.85889,0.00596,0.09753,-0.04965,0.06665,-0.02629,-0.00134,-0.03537,-0.01651,-0.01003,-0.00858,-0.04105,0.01633,0.01361,0.08490,0.08197,-0.17017,-0.02324,0.19470
-0.24072,0.56299,-0.93359,-1.21680,0.73193,0.81982,0.23352,0.38867,0.96191,0.49951,1.09766,-0.43970,-0.44409,0.97266,1.42676,0.09485,1.15527,0.77246,-0.49023,-0.54346,0.00851,0.29175,0.52490,0.16931,-0.01411,0.33545,-1.25586,-1.66797,-1.79004,-0.94141,-0.08234,0.81152,0.38770,0.24475,-0.26147,-0.06934
-0.97412,-0.19263,-0.41870,0.99902,1.34570,0.62158,-0.67822,0.36279,0.56152,0.25903,-0.22900,-0.84814,0.06177,0.23669,0.64648,0.20740,0.18433,0.85889,0.00596,0.09753,-0.04965,0.06665,-0.02629,-0.00134,-0.03537,-0.01651,-0.01003,-0.00858,-0.04105,0.01633,0.01361,0.08490,0.08197,-0.17017,-0.02324,0.19470
-0.07654,0.66064,1.18652,0.29175,0.22021,0.13770,0.85449,-1.33887,-1.05762,-0.14050,0.04111,0.47852,-0.66650,0.70410,-0.16150,-0.17664,0.66357,0.14001,-1.09863,-0.48169,1.59766,-1.55176,-1.28613,-0.28076,-0.06064,-1.50391,0.33716,-0.50977,-1.85059,-0.54492,-0.30469,-0.62402,0.26660,-0.46484,-1.19043,0.34424
-0.98828,0.51416,-0.03088,1.79004,2.39648,0.70703,-0.41479,0.30835,0.31665,0.23438,0.40430,-0.54980,1.04199,0.21265,0.72900,-0.28833,-0.15491,0.66846,-0.69775,-0.98047,-1.03418,-1.16992,-1.26074,-1.35156,-0.72559,-0.99463,-0.36157,-0.65332,0.98047,0.00869,0.46582,1.48926,0.32324,-0.58594,1.02930,1.12207
0.51025,-0.31226,0.41333,0.55273,0.82324,0.98486,1.21680,1.25293,0.05344,-0.95508,1.07129,0.12769,0.39819,0.24329,-0.57031,1.31738,0.34692,-0.59961,-0.08691,0.36914,-0.03482,-0.34766,-0.20972,-0.47632,0.08636,-0.19678,1.32617,1.54199,-0.64990,-0.20374,0.74072,0.26904,0.18420,-0.13818,-0.40625,-1.23730
1.43164,-0.56055,1.18945,0.73633,-2.07422,-0.93945,-0.62354,-0.74414,-1.36914,-1.28516,-1.19629,-0.05075,-0.99463,-2.35547,0.71973,-0.38330,0.51855,0.16614,0.10669,-0.02228,0.96777,-0.80420,-0.27710,1.34375,0.72363,0.30347,-1.15820,-0.27026,0.18408,0.30811,-0.41357,-0.97461,0.48535,0.28394,-0.38770,-1.14844
1.02344,0.24304,1.91309,0.79639,0.53271,0.82959,1.02246,-0.90088,-0.96924,-0.80566,1.25488,1.05957,-0.14099,0.81006,-0.62256,0.96582,1.76855,0.05972,0.05136,-0.09192,3.26562,0.50488,-0.95068,0.69824,-0.45679,-0.91064,-0.80859,-0.56104,1.28809,0.38550,1.44531,0.49365,1.29395,-0.42236,0.05963,-0.60400
0.60840,0.11066,-0.85596,-1.07617,-0.73975,-0.98486,0.13574,0.62500,-0.43579,-0.05435,-2.26172,-0.72559,-1.10352,-0.79688,1.03906,-0.55566,-0.98047,-0.41113,-3.27734,1.61426,-0.24890,-0.96826,1.86523,-0.12311,4.62109,1.93164,-2.12891,0.55518,-1.41211,-1.21191,-1.51562,-0.83203,-1.57422,0.24121,-1.54395,-1.12793
-1.40332,0.26172,0.79736,0.46533,-0.21545,-0.26611,1.67578,0.73486,0.92236,-0.11859,0.77393,0.75879,0.69434,-1.42188,-0.20667,0.96582,-1.90234,-0.82764,1.11719,1.10742,0.19348,1.74609,-0.29126,-0.25195,-0.47461,0.09662,1.06250,0.27222,-0.40332,0.83984,1.30762,-1.63867,-2.04102,0.15955,0.62354,-1.88379
0.41846,0.03439,0.45801,-0.99902,-1.10352,0.75146,-0.54785,-1.00391,-0.06396,-0.60254,-0.48145,-0.14319,0.13025,1.22754,1.15137,0.58057,1.40625,-1.15527,3.00977,-0.95410,-1.62891,-1.57617,-0.43921,0.32129,0.26733,-0.28198,-2.82617,0.00755,1.20605,-1.16309,-1.89453,-1.63770,-0.71338,-0.84424,0.39624,1.04785
-0.53271,0.09497,-0.09564,-0.51172,-0.44971,1.07422,0.28491,0.60547,-0.89697,-0.82812,-1.34570,-1.44238,-1.36328,1.13867,0.72852,-0.15588,1.19043,1.25293,-0.28857,-0.05106,-0.00397,0.47192,0.07001,0.04855,-0.01496,-0.13074,-0.11444,0.19128,0.41724,1.68359,-0.10297,-0.18701,0.38452,0.10809,-1.03711,0.45776
-0.67578,-0.06348,0.06183,-0.48999,0.01382,-0.15320,0.80859,-1.46191,-0.33594,-1.52441,0.41040,0.25757,-0.46948,-0.95703,-1.35547,-0.54932,-0.63623,0.14062,1.04004,0.60596,0.37939,0.93799,0.18018,-0.74609,-0.74414,-1.01367,-1.62793,-0.98535,-1.21094,-1.69434,-1.14160,-0.81396,-0.86816,-1.56055,-1.24805,0.05289
-0.75146,0.62305,-0.73340,-0.96484,0.10925,-0.19604,1.37891,-0.20361,-1.24512,-0.37134,-1.62891,-0.41724,-0.25024,-1.47461,-0.24194,-0.67773,0.17261,1.25781,0.37500,-0.11560,0.08252,0.68066,-0.52686,0.76270,-0.33960,-1.05664,-0.40063,-0.18469,-0.10822,0.32690,0.07526,0.34961,-0.00493,-1.87305,-0.26685,-0.74951
-0.98828,-0.20264,-1.28809,0.36987,-0.11212,0.20215,0.62305,0.26172,-0.29980,-0.06781,-0.95557,-1.29883,-0.01508,-0.81299,-0.11865,0.07123,0.68604,0.11847,-0.23364,0.57910,0.32764,0.04312,-0.46973,-0.12695,1.03125,1.18750,1.18555,-0.19275,-0.44897,0.22681,0.34497,1.08887,1.05664,-0.67773,-0.04276,0.74365
-0.41626,0.92676,0.35645,0.70459,-0.48315,-1.77051,-0.29346,-1.50488,0.73975,-0.82275,-0.13818,-0.76416,-1.39941,0.08655,0.18872,0.21692,-0.24915,-1.11621,-2.34570,1.50586,-1.40430,1.87695,1.05664,1.37793,2.09961,-0.60352,0.05063,-1.63086,0.62646,-1.51172,0.37183,1.18457,2.79297,2.00977,0.35327,-0.50195
0.08893,0.30811,0.33594,-0.40649,-0.42578,-0.36182,0.99072,-0.06488,-0.10907,0.36279,2.37109,3.00391,0.84033,0.34326,-0.79639,-1.91113,-0.45020,-2.30664,-0.29395,-0.58252,-0.35132,-0.22229,-0.09735,0.52051,-0.39258,-0.03891,-0.40332,-0.49829,-0.03223,-0.27539,-1.42090,-0.61035,-1.17188,-0.87598,-0.23035,0.43555
0.68896,-0.02505,0.54541,-0.89014,-0.64355,-0.18774,0.36963,-0.14429,0.46753,-0.07843,-0.35034,-0.06323,0.97900,-0.64062,-1.99512,0.30908,-2.38867,-2.51562,-0.35132,1.34668,0.01614,1.41699,0.12347,-0.46191,0.61523,0.39233,0.17847,1.03906,-0.40430,1.16211,1.17480,0.36377,0.83057,-0.59717,-1.22949,-0.43091
1.24316,-0.86572,-1.38574,-0.18652,-0.30469,-3.64258,-1.31934,0.51270,1.22754,-0.77979,-0.20300,1.26758,1.35156,0.90576,-0.70654,-0.06119,-0.37598,-0.32251,-2.66016,0.98535,2.19336,-1.37207,0.05533,2.82422,2.97656,0.67383,-0.16223,2.28516,1.20508,0.05176,-0.18933,0.25195,-0.55859,1.29492,0.36572,-1.63867
0.13062,-0.09869,1.04395,-1.55957,-2.31641,-0.78955,0.94434,1.10645,1.10156,-0.50781,1.40430,-0.68848,-0.33594,0.36597,-1.72949,-0.71289,-0.43115,-0.95605,0.67285,0.50928,0.02116,0.12915,-1.27246,-0.86670,0.01881,2.16992,0.12256,0.01525,0.43921,-0.51514,-0.71582,0.43628,1.04980,-0.83398,-0.52051,-2.64062
0.70898,-0.61230,1.56348,-0.67480,-0.14893,0.24426,0.17188,0.23169,-0.99854,-0.65137,0.18555,-0.52051,-1.99902,-0.98291,-1.75293,-1.75684,-1.65332,-2.50977,0.10388,0.30884,-0.45508,0.55078,0.23328,-0.20996,1.08105,1.07715,1.00488,1.49023,-0.80615,0.03522,-3.55469,-1.54785,1.81348,-0.33594,0.56201,-2.53516
1.10156,-0.65430,0.14172,-0.83105,-0.80664,-0.36865,0.38599,1.44434,0.59277,-2.76172,0.48267,1.24023,-1.61035,-1.32227,0.18115,-0.66943,-0.01797,-1.81445,1.21973,-4.40625,1.44531,-1.58496,1.77637,-1.13574,0.03421,-0.33008,-0.48462,-1.44824,-0.18433,3.55469,-1.88672,-2.01562,-0.42920,0.80078,-2.04102,-0.27686
-0.97412,-0.19263,-0.41870,0.99902,1.34570,0.62158,-0.67822,0.36279,0.56152,0.25903,-0.22900,-0.84814,0.06177,0.23669,0.64648,0.20740,0.18433,0.85889,0.00596,0.09753,-0.04965,0.06665,-0.02629,-0.00134,-0.03537,-0.01651,-0.01003,-0.00858,-0.04105,0.01633,0.01361,0.08490,0.08197,-0.17017,-0.02324,0.19470
0.24976,0.28394,0.72705,-2.61133,-1.15723,-0.25171,-1.86523,-0.26855,0.98584,0.78760,-1.33691,1.05273,1.69336,-0.40869,-0.15906,-1.59180,-1.74707,-1.54785,-0.12927,0.93066,-0.91895,1.09961,1.04004,-1.01758,-1.95703,0.59277,-0.58496,-1.65723,1.35059,0.12598,0.89795,0.20532,0.64502,-1.22168,-2.92383,0.46240
-1.12891,-0.30835,-0.64355,0.52832,0.04721,0.23730,-0.55469,-1.04883,0.47534,0.98584,-0.98291,-1.26172,0.09363,1.03223,0.76514,-1.03906,0.18652,1.20605,-0.30835,0.10132,-0.91553,-0.17517,0.38867,-1.12598,-0.79932,0.70947,1.29199,-1.07031,-0.25610,-0.08636,-0.65137,-0.40430,-1.08789,0.51074,0.58203,-0.19910
-0.94141,0.33105,-0.17175,0.13269,-0.89404,-1.37402,-1.89941,-1.13672,-0.62402,-0.41040,-0.13098,-0.70654,-0.27832,-0.67236,-0.28271,-0.65283,-1.60352,1.34961,0.05017,-0.40015,0.34253,0.97656,-0.02284,0.34473,-0.10626,-0.91406,-0.18396,-0.28833,0.03078,-0.22205,-0.90234,-0.67725,0.44995,-0.64941,-1.03418,-0.24878
-0.40454,-1.16309,-0.58936,1.09668,-0.21387,0.18945,-0.69727,-1.01758,-0.38184,0.54541,0.93262,0.87061,-0.19812,2.68359,3.10547,2.69336,3.14062,2.36719,-0.18628,-0.24902,-0.08038,-0.72900,-1.21875,-1.24316,-1.30273,1.56738,0.89355,-1.46680,-0.96631,0.39282,0.44238,-1.11719,0.23938,0.94141,1.29297,0.06088
0.09583,-1.83594,-1.12402,-1.26465,-1.05078,-0.13257,-0.35278,-1.44336,-2.70508,-0.78027,-0.34937,0.40210,-0.78076,-1.33691,-1.84766,-1.80664,-1.11621,-0.08289,0.21423,0.05887,-0.48413,0.14441,0.27832,-0.14221,-0.25220,0.19177,-0.89062,0.11084,0.11572,0.91992,1.02051,-0.40112,-0.19543,-0.02661,-1.51562,-0.28271
-0.34497,0.06677,-0.25049,0.70215,0.12372,-0.04227,-0.27930,0.63477,1.22363,1.14844,1.92480,1.23340,2.46094,2.15820,-0.61133,-1.87012,-0.54590,0.12415,-0.12006,-0.01761,0.70557,0.10626,-0.00133,-0.26904,0.18433,-0.16602,-0.53418,-0.20093,0.37280,-0.17395,-0.48291,0.68359,0.56543,0.07031,1.23535,1.29492
-0.33936,0.22119,-0.30420,-1.17480,-0.95312,-1.15723,-0.23669,0.03629,-0.97656,0.12585,0.42651,-0.78809,-1.01270,0.89355,0.10803,-1.31445,-0.65576,-0.23401,0.76465,0.50635,-0.21362,0.30688,-1.66699,0.25220,-0.15381,1.28613,0.26514,-2.34766,-0.24084,0.15405,1.59082,-2.60352,0.05859,-0.67529,-0.01136,-1.53711
-0.97412,-0.19263,-0.41870,0.99902,1.34570,0.62158,-0.67822,0.36279,0.56152,0.25903,-0.22900,-0.84814,0.06177,0.23669,0.64648,0.20740,0.18433,0.85889,0.00596,0.09753,-0.04965,0.06665,-0.02629,-0.00134,-0.03537,-0.01651,-0.01003,-0.00858,-0.04105,0.01633,0.01361,0.08490,0.08197,-0.17017,-0.02324,0.19470
1.21582,1.38379,3.00586,1.33008,0.73975,0.05350,-0.58105,0.47339,-0.99072,0.99219,0.82471,-1.63770,0.41064,0.53857,-0.22058,-0.07874,-1.33887,-1.18359,-0.92041,0.10773,-3.23047,-1.64746,1.73730,-0.48193,1.03809,-0.91357,3.01562,-0.26660,-0.70264,2.23047,0.28516,0.16138,0.04468,1.08691,2.57617,-1.03027
-0.97412,-0.19263,-0.41870,0.99902,1.34570,0.62158,-0.67822,0.36279,0.56152,0.25903,-0.22900,-0.84814,0.06177,0.23669,0.64648,0.20740,0.18433,0.85889,1.87500,-0.34058,0.32227,0.83252,-0.09528,-0.50537,0.62549,-0.00951,0.19263,-0.52393,0.81885,-0.16357,0.14771,-0.02205,0.69238,-0.23083,-0.23291,0.37183
-1.36230,0.86133,0.96875,0.97998,0.69922,0.23804,0.07404,0.48047,0.86719,0.21118,1.01172,0.22546,1.03516,1.15039,-0.56885,-0.53711,1.57227,1.55664,-0.38428,-0.87061,0.01108,0.38013,-0.96289,-0.28467,0.05865,-0.21497,-0.01419,-0.01614,-0.28784,-0.46655,-0.06470,1.08203,0.54443,-0.77344,-0.97363,0.10126
0.12756,1.17383,-0.33423,0.60645,0.82129,0.64551,-0.04147,1.58301,0.79932,0.22363,1.00781,1.40039,0.16016,-1.52734,-0.21118,0.38354,-1.27832,1.25488,-0.16211,0.33374,0.82959,0.32202,-0.30542,-0.71094,-0.56689,-0.35107,-0.07190,0.32764,-0.06027,0.55322,1.93945,-0.14197,-0.77490,-0.86426,-0.50342,0.90039
-1.69629,-1.50488,-1.03906,-1.96973,-1.19336,-1.24219,0.04840,0.20679,0.40845,0.92139,0.45679,0.52490,0.57666,0.29736,-1.67773,-0.69482,-0.22363,-0.12299,0.37476,0.44995,0.31372,-0.06952,-0.80859,0.85547,0.64160,1.26367,-0.23804,1.57031,0.58936,0.06097,0.30005,-0.16809,-0.29272,-1.26758,0.18677,0.10944
0.25635,-0.40088,0.50732,-0.07178,-0.04706,-0.50391,1.21387,0.62402,-2.28125,0.64795,0.33276,0.46484,-0.34985,0.59180,-0.49121,-1.18457,0.93164,0.29224,-0.85645,0.02290,0.94629,0.85449,0.83496,1.78418,0.76416,-1.79199,-0.43188,-1.84473,-0.80127,-0.01611,0.11707,0.82080,0.19812,-0.90039,0.71826,2.87891
2.01172,2.07227,1.49121,1.29590,1.47070,2.41211,1.79980,1.25684,0.57471,1.02930,1.20605,-0.01402,-0.10712,0.57568,0.42578,0.87500,0.60889,0.77441,0.15320,0.03067,-0.35278,-0.39136,-0.51074,-0.56543,-0.27563,0.07782,0.45850,0.75000,0.19275,-0.45850,-0.99512,-0.62744,0.17065,0.67334,1.12793,0.91309
-0.73877,0.05981,-0.40356,-0.95117,-0.74609,-1.01074,0.16187,-0.24988,-0.31299,-1.35645,-0.89844,1.05371,-0.66895,-0.98438,-0.89648,-0.86963,0.73535,-0.76367,-0.21960,-0.10156,-0.17480,0.46899,-0.14404,-0.68359,-0.28052,0.49707,1.67383,1.74805,0.47192,-0.92383,-1.87305,-0.98926,-1.10742,-0.53516,-0.11737,-1.85254
-0.57324,0.59521,0.87695,1.53125,0.46240,0.91992,1.08008,2.05078,0.97754,1.26270,1.02051,0.14038,1.36133,0.32202,0.42065,-0.25366,-0.48853,-0.86279,0.22119,0.36279,-0.27856,0.35596,0.32202,-0.34912,0.34204,-0.19080,0.73730,1.16406,0.44678,1.07324,0.06042,0.05011,-0.04266,-1.05664,-1.32324,-1.08398
-1.27539,-3.81445,-1.80078,-2.00195,-1.01074,-2.27344,-0.98096,-1.31152,-1.68164,-0.65283,0.27881,0.01700,-0.27661,-0.16711,-0.76172,1.74512,0.77246,0.86182,0.16663,0.05551,-0.19690,0.49121,-0.40723,0.71973,0.61328,-0.23999,-0.83594,-0.40747,0.45850,-0.00534,-0.00433,0.20935,0.08942,-0.46167,-0.55078,-0.78223
-0.25854,0.71338,0.25879,0.94727,0.33960,-1.08887,0.35913,0.34180,0.29834,0.52637,0.64258,-0.12262,0.65479,1.19141,0.33081,-1.14648,-0.91602,0.29785,1.43066,-1.83301,1.88867,0.82129,0.82129,1.75098,-0.28687,0.49658,1.28320,-0.14612,-1.02148,-1.11328,-0.41382,0.34229,-1.48730,-2.44922,-0.75781,0.92139
0.87207,2.03320,0.30884,1.04102,0.92090,1.38086,0.84229,0.14233,-0.35059,1.47363,1.59375,0.38916,0.51025,0.82764,0.10254,0.22742,0.36230,0.04108,0.02901,0.49438,0.04321,0.54492,-0.05673,0.44678,0.28442,0.95312,0.32959,0.87451,1.15332,-0.57910,-0.04910,0.08411,0.29614,-0.67920,0.12231,-0.42847
0.66455,0.05505,-1.52734,-1.29492,-0.51465,-0.10431,-1.77539,-1.81543,-1.03809,-1.81445,0.68701,-0.07990,-1.14453,1.64355,0.43262,-0.59863,-0.43823,-1.66309,-2.52539,2.37891,2.86133,0.35376,0.45117,-1.23438,-0.17249,-0.22510,-0.06537,1.43652,-1.51074,0.18396,0.66357,-0.88916,-0.34473,-0.62305,-1.14844,1.27441
0.74902,1.77637,1.05664,-2.55273,-1.53613,0.97412,0.44312,-1.27930,1.52637,-2.45703,-2.17969,0.84521,-2.55273,-0.14307,-0.86865,0.14856,0.67773,-1.05371,2.20703,-1.30762,-2.58398,-3.47266,2.42773,2.41211,-1.65625,1.75879,-1.55859,0.08527,1.76172,-0.27417,-0.97656,-3.11719,-0.83545,0.97656,0.13013,1.44531
