-0.66602,0.39014,-1.86816,-0.23608,0.21143,0.09485,-0.95947,0.19165,0.11993,0.86865,1.85742,1.71875,1.87012,0.12335,-0.21338,0.08417,-0.54834,-1.00293,0.02084,-0.00935,0.05295,-0.18127,0.10687,0.62012,-0.07684,0.50879,0.43018,-0.20532,-0.29492,-1.38086,-0.29077,-0.68213,0.75781,0.07166,1.08984,0.49487
-0.24878,1.00098,0.29175,1.56641,1.82227,2.14258,0.56104,1.46582,1.09082,0.34326,-0.11700,-0.50244,1.00781,0.42114,0.57861,0.00975,0.29199,0.20203,0.19250,0.31494,-0.27979,-0.50049,-0.20166,-0.16162,0.24707,-0.07178,-0.53760,0.19458,1.16895,1.20410,1.17773,0.01033,-0.23218,0.50391,-0.55029,-0.61523
0.68115,1.77344,1.29980,2.19531,1.76270,1.85449,0.71387,1.40234,1.34570,1.12988,0.27246,-0.58154,0.39233,0.12079,0.31030,0.11609,0.60010,1.65039,-0.70312,0.11615,-0.18079,-0.04153,0.13037,-0.89355,0.03720,-0.16638,-1.25000,-1.20605,0.69141,0.61279,0.56201,1.38965,-0.07086,-0.81250,-0.42334,1.66602
-0.63281,1.42285,1.41895,-0.88525,1.07715,-0.71729,0.65918,1.77832,0.27222,2.50586,2.17383,1.61426,0.10944,-0.23035,-0.34570,0.63867,0.93604,-0.05035,-2.87891,2.11719,0.85693,0.42700,1.39453,-0.62842,0.16077,2.03516,-0.41113,1.04883,0.05917,0.62354,-1.60938,-1.97363,-1.42090,1.41309,-0.81592,1.89551
-0.85254,-0.32910,-1.12402,0.38403,0.80029,0.58398,-1.31934,0.77051,1.51855,0.85938,-0.39453,0.30786,0.81445,0.82275,1.38965,0.85742,1.72168,1.19336,-0.09320,-0.25879,0.00579,0.38501,-0.33643,-0.06744,0.57910,1.34766,-0.22485,-0.83984,0.97705,0.28784,0.97461,-0.86035,1.46582,1.03125,-0.37378,0.19482
-1.07422,-0.43774,-0.10712,-0.30957,0.24390,0.41382,0.59033,-0.08112,0.14648,-0.09271,1.26270,-0.63379,0.89551,0.83740,-1.49023,1.01465,-0.25757,0.67627,0.85205,0.97510,0.07544,-0.04272,0.09888,-1.12988,-0.85938,-0.03882,-0.36890,0.15454,-0.92285,-0.00686,-1.12793,-1.64062,1.14062,-1.00488,0.37793,1.55762
-0.36133,-0.45654,0.65674,-0.21533,0.81787,-0.31201,0.30566,-0.36328,-0.54932,0.45410,0.80908,-0.11340,-1.43359,-0.39551,-1.39062,-0.96777,0.81006,1.16699,-0.21875,-0.31738,0.42871,-0.21594,0.64014,1.00781,-0.53516,0.35278,-0.06241,0.68701,-0.12500,0.48633,-0.58301,-0.37207,-0.58154,-0.52100,0.41211,1.39941
1.14648,1.40137,0.13428,0.27466,-0.01918,-0.25244,0.50977,0.96387,1.04102,1.77148,0.29028,-0.29077,0.04108,-0.05252,-0.65820,0.00476,1.13867,1.52344,-0.76758,-0.22559,-0.61914,0.56738,-0.59766,-1.63867,0.52588,1.65820,-0.13599,-0.43262,0.95264,0.21545,-1.15527,-2.00781,-1.93652,0.07977,1.56348,1.66797
-1.16602,-0.74609,-0.04507,-0.54932,-0.66553,-0.43750,1.47363,-0.01472,0.93408,-0.00134,1.84863,2.76367,0.32837,1.51074,-0.74268,-0.83301,1.41211,1.04883,0.15173,0.44385,-0.07727,-0.63184,-0.84424,0.18457,-0.21301,-0.31323,-1.10938,-0.56543,-0.78955,0.12927,-0.53857,0.28516,0.44873,-0.25220,-0.58447,-0.71924
-0.82666,0.31665,-0.45190,-0.51123,-1.63184,-1.13281,-0.49023,-0.78223,-1.11816,-0.64355,-0.34302,0.17224,0.07397,-0.11890,-0.52979,-0.60352,-1.55664,-0.93311,-0.49219,0.15576,0.70654,-0.50146,-0.23328,-0.28247,-0.89795,-1.27734,-0.74316,-0.41772,0.08887,-0.97412,-1.16016,0.30127,0.38208,-0.10504,0.57129,0.12732
0.78662,-0.47900,-2.10742,0.50098,0.31909,0.94482,1.17969,0.65674,0.54688,-0.68750,1.59766,0.03564,0.22681,1.09668,1.42969,1.41211,0.51758,0.10785,-0.47070,0.16211,0.31543,-0.50732,0.75977,-0.62305,-0.30225,-0.15967,-1.10254,-0.88086,-0.49536,-0.13586,0.36987,0.18982,-0.27979,-0.57373,-1.01074,0.13354
-1.01465,-0.21863,-0.39355,1.03613,1.18555,0.61230,-0.62109,0.37744,0.64355,0.22717,-0.20105,-0.70020,0.15491,0.20398,0.77686,0.28638,0.11774,0.56836,-0.00295,-0.00059,-0.00083,0.00296,0.00319,0.00092,-0.00205,0.00018,0.00097,-0.00020,-0.00130,-0.00237,-0.00051,-0.00026,0.00149,0.00066,0.00023,0.00131
0.16931,-0.44702,0.66797,-0.91309,-0.26562,-1.45312,-0.85254,-0.83838,-0.47583,-0.14124,-0.12158,0.87256,0.16541,0.43115,-0.67383,0.12012,-0.03087,-0.96924,-0.03430,0.45386,-0.34570,-0.46533,-0.00544,0.26685,0.54443,1.14551,1.16992,0.69678,-1.09961,-0.48413,0.50537,-0.16101,0.76367,0.32812,0.48462,0.34668
-1.01465,-0.21863,-0.39355,1.03613,1.18555,0.61230,-0.62109,0.37744,0.64355,0.22717,-0.20105,-0.70020,0.15491,0.20398,0.77686,0.28638,0.11774,0.56836,-1.53906,-0.15308,-0.56201,-3.14648,-3.72266,-0.50195,0.20667,-0.29224,-0.44458,-0.82275,-0.28589,1.58691,-0.84473,0.73633,-0.87109,0.03058,-0.18518,-0.12805
-0.36133,-0.41992,-0.09760,-0.93896,-0.82666,-1.01953,-0.72998,-0.16760,-0.62939,-0.01252,1.54492,2.15625,-0.83740,0.60107,-0.73389,-1.58594,0.29639,0.15222,0.17236,0.43970,-0.19531,0.77734,-0.45581,0.46118,0.26782,0.50342,0.62061,0.40503,0.43872,0.32959,0.66895,-0.23779,0.09045,-0.73242,1.51562,0.74414
-0.25073,0.97998,0.44141,1.39160,1.62305,1.34766,0.53711,1.03711,0.30957,1.40039,1.58008,0.87354,1.01660,0.36938,0.60645,-0.03162,-0.32617,0.32788,-0.08453,-0.11047,0.28223,0.20544,0.24731,0.63477,-0.22607,-0.52344,-0.92383,0.30859,-0.23169,-0.42139,0.99316,-0.17981,-0.01331,-0.33008,-0.48877,0.20667
2.18945,1.52832,-1.11426,-1.59863,-1.46484,-0.47510,-0.20081,-0.11902,-1.47461,-1.22070,-2.10352,-1.41602,1.18652,0.82764,-1.31348,0.45581,0.04977,0.90723,2.58789,-1.67480,-1.03223,-2.25391,0.19116,1.20898,-1.89453,-2.06641,-3.77930,-3.17773,-2.64258,-0.41553,0.32861,-0.70068,1.80762,1.54102,-2.11719,1.73047
-1.21484,-0.95312,-0.72559,1.03027,0.76709,0.83252,-0.48413,1.87109,0.51758,0.34668,0.32666,0.02023,-1.90918,-0.60791,-1.04102,-0.85547,0.99219,1.61426,0.01538,0.27026,0.40820,0.66357,1.40430,0.71191,-0.06989,-0.65723,-0.31714,0.09253,0.84375,-0.20935,0.55127,0.25757,-0.39185,0.49707,0.45483,0.07782
-0.11279,-0.05869,1.06250,0.13391,0.61816,-0.61719,0.68359,-0.76074,0.54883,-0.24780,0.94238,1.03027,1.27441,0.66895,-0.73584,-0.14404,-1.17188,2.09570,-0.12054,0.45703,0.88037,0.32227,-0.21570,-1.17090,-0.74463,0.00022,-0.15796,0.76758,-0.29028,-0.38257,0.75635,-0.06299,-0.70850,-0.72656,-1.12305,-1.82812
1.04883,0.82471,0.65088,1.37695,0.76758,1.62109,1.62500,0.08856,-0.54150,-1.10449,-0.00621,0.24426,-0.51318,-0.28247,-0.04333,0.65771,0.41919,-0.24719,0.09894,-0.10980,0.00078,0.12463,0.16504,0.10547,0.24158,-0.61279,0.14490,0.88428,0.62354,-0.01567,0.17566,-0.41943,0.85742,0.39282,-1.21191,-0.35840
0.42871,-0.47974,-0.80908,-0.67773,-0.30737,0.24695,0.17847,0.20874,0.06616,-1.04883,-0.53516,-0.03513,-0.70459,0.07648,0.99316,1.40820,-0.71924,-0.69727,0.05682,-0.16077,-0.50586,-0.09357,0.36475,0.67822,0.18237,-0.30444,-1.01758,-0.08087,-0.73535,-0.02182,0.96484,-1.04883,-1.51172,-1.58008,-0.34155,-0.72070
0.41064,-2.12695,-3.63281,-0.67236,-0.61182,-2.72070,-0.48682,1.77539,-0.75391,-2.43945,-2.23828,-0.84326,-0.86377,-1.65625,-0.36279,-0.43701,1.17383,2.77734,-1.17676,-2.33984,2.33984,0.09149,-2.03320,0.58496,2.50195,-0.29663,-2.03906,-0.81641,-0.33472,-0.43872,0.71094,0.23291,-0.76025,1.27734,0.45996,0.30688
0.71729,0.44604,0.26245,0.44946,0.07288,0.15894,0.29639,0.59912,0.00505,-0.62939,0.41284,1.32910,1.05371,1.64844,0.98828,-0.45923,-1.45898,-0.97314,0.58545,-0.42261,-0.88086,1.49316,4.30859,1.56055,1.17676,0.22339,2.12891,2.30469,-0.44360,0.94971,4.05469,0.46875,-0.63477,2.25391,1.18945,-1.26270
0.01619,0.69434,-0.19482,-1.16211,-0.67334,-0.18005,-0.89453,-1.15332,-1.35742,-1.31641,-0.54053,0.49829,-1.04102,-1.16309,-0.89551,0.07709,0.14563,-1.30469,-0.25659,-0.69824,0.23022,-0.52295,-0.05103,0.23755,0.15503,0.09827,-0.41016,-0.15002,0.84619,0.96680,-0.90625,-0.60547,-0.11060,-1.09277,-0.24390,1.13770
0.21802,-1.01172,1.09668,-0.25854,-0.45312,-0.56592,1.63184,-0.14929,-0.66699,-1.75391,-1.60840,2.43359,-0.54590,0.64551,0.67773,0.15051,0.08734,-0.34790,1.18555,0.10468,-1.01465,0.23560,-0.19409,-0.65039,-1.25586,-0.93018,-0.14746,-0.46875,0.79150,0.69482,0.36255,0.39087,-0.82959,-1.11230,-0.69629,-0.42188
-0.63330,0.47144,0.16675,1.00488,1.60742,1.36816,0.08020,0.87109,0.92773,1.34570,1.19531,0.92725,2.08594,1.57520,0.75830,-0.06073,-1.23828,-0.32715,0.55176,0.36621,0.43677,0.64844,1.24219,0.41211,0.08832,-0.12866,0.28735,0.17151,0.74805,-0.40186,-0.92725,0.14575,-0.41992,-1.35742,-0.08356,0.77490
-0.31128,-0.91699,0.16101,0.12305,-0.90039,-0.90674,-0.31543,0.76172,0.47925,-0.29248,-0.33960,-0.13025,-0.59375,-1.12207,-1.09277,-0.16455,0.41357,0.02748,0.12708,-1.09180,-0.36768,-1.26367,-1.46191,-1.73047,-1.21289,-1.60645,-1.23633,0.61084,-1.14941,-2.32812,-2.38867,-2.11328,0.42285,1.64844,0.62158,-1.01367
0.43066,-0.27661,-1.66504,-0.59131,-0.85107,-0.17151,-0.14209,0.18677,-0.94238,-1.78125,-0.55615,0.19165,-0.07355,-0.84473,-0.19873,-0.31958,0.51611,2.25000,-0.42773,-0.52539,-0.07611,0.21960,-0.04788,-0.58252,-1.03613,-1.04590,-0.31567,1.16113,1.03418,0.90283,0.90381,-0.66309,-0.24548,-0.28931,-1.11719,-0.22644
-1.01465,-0.21863,-0.39355,1.03613,1.18555,0.61230,-0.62109,0.37744,0.64355,0.22717,-0.20105,-0.70020,0.15491,0.20398,0.77686,0.28638,0.11774,0.56836,-0.00295,-0.00059,-0.00083,0.00296,0.00319,0.00092,-0.00205,0.00018,0.00097,-0.00020,-0.00130,-0.00237,-0.00051,-0.00026,0.00149,0.00066,0.00023,0.00131
-1.01465,-0.21863,-0.39355,1.03613,1.18555,0.61230,-0.62109,0.37744,0.64355,0.22717,-0.20105,-0.70020,0.15491,0.20398,0.77686,0.28638,0.11774,0.56836,-0.00295,-0.00059,-0.00083,0.00296,0.00319,0.00092,-0.00205,0.00018,0.00097,-0.00020,-0.00130,-0.00237,-0.00051,-0.00026,0.00149,0.00066,0.00023,0.00131
0.62158,-0.08350,2.26562,-1.89746,-2.27148,-0.12854,0.54932,-0.71973,-1.67188,0.72266,0.30029,-0.76709,0.65869,0.06299,0.61768,-1.30469,1.08008,-0.99951,-0.37573,1.53125,1.36328,-1.40332,-1.36426,1.94629,-0.05334,-2.50195,0.58203,2.73242,-0.14099,-2.54883,2.62500,0.76221,-0.66992,0.51514,0.44336,0.13672
0.50195,1.11719,0.77930,0.26294,-0.10968,0.09979,0.21594,0.01059,0.26538,0.26221,0.93213,1.95508,0.85986,-0.86572,0.11145,0.80176,-0.47705,-0.79688,-0.39209,-0.12213,-0.58252,-0.83398,-1.05859,-1.00293,-0.03558,-0.34937,-0.91650,-1.97949,-0.86230,-0.27002,0.58936,0.41064,0.80273,0.14954,0.91895,0.64209
-0.02734,-0.90820,0.06274,-0.79102,-0.84473,-0.74609,-0.16052,0.08887,-0.18042,-1.78027,-0.90869,-0.01000,-0.21069,0.06366,-1.07617,0.64893,0.17456,0.41016,0.28149,0.10095,-0.63184,-0.32422,-0.17737,-1.22852,-0.91162,1.24219,-0.43188,0.79736,-0.23572,-0.77197,0.29053,1.06348,0.37964,-1.24219,-0.65479,0.68066
0.46533,-0.84424,-0.57959,-1.10156,-1.20117,-2.29883,-0.74561,-0.13403,0.01023,0.31763,-1.11816,1.79785,-0.48438,-1.90820,-2.98828,1.67285,-1.18652,-1.47363,-1.36133,-2.58008,2.41992,2.42773,-2.75977,-1.76758,3.88086,0.04657,-2.74609,1.33203,-0.87158,1.06738,0.29688,-2.19336,0.61523,1.79688,0.05646,0.17261
0.56152,-1.42480,0.00972,-1.49707,-0.82520,0.76221,-3.15820,0.16589,0.30981,-1.57715,-1.95996,0.40601,-0.01576,0.50049,0.21021,0.75977,0.72559,-0.44702,-0.44165,-0.24744,1.79688,0.34595,0.98291,-3.00000,-1.27148,-0.72119,0.11102,0.49683,1.82129,-0.72217,0.96338,-0.70459,-0.53320,0.18311,1.31445,1.52441
-1.01465,-0.21863,-0.39355,1.03613,1.18555,0.61230,-0.62109,0.37744,0.64355,0.22717,-0.20105,-0.70020,0.15491,0.20398,0.77686,0.28638,0.11774,0.56836,-0.00295,-0.00059,-0.00083,0.00296,0.00319,0.00092,-0.00205,0.00018,0.00097,-0.00020,-0.00130,-0.00237,-0.00051,-0.00026,0.00149,0.00066,0.00023,0.00131
1.10352,-0.31787,2.33008,0.23950,0.93311,2.99609,3.30273,2.33398,1.54297,0.65283,0.79004,0.31982,-1.48730,0.47266,0.60254,0.95703,-0.21631,-1.13965,2.81055,0.55713,-1.13086,-1.17773,-1.15332,1.09570,0.25903,0.32202,-2.95703,-1.78906,0.84863,-0.02856,-0.97461,-0.50928,-1.78125,-0.65137,-0.53613,-0.16858
0.17175,0.52051,-0.75830,0.08740,-0.42969,0.36206,-1.06250,0.59717,0.32666,0.47876,0.42871,0.21790,0.69775,0.21130,-0.49146,-0.04651,-0.17883,-1.26953,-0.13501,-0.26660,0.13672,-0.18872,-0.30640,-0.48584,-0.68750,0.12134,-0.37793,-0.71143,-0.18896,0.41357,-0.30054,-0.41357,-0.53662,0.19739,1.10449,-0.03229
-2.07422,-1.33203,-1.53418,-0.95850,-1.09375,-1.85254,-0.68945,-0.58789,-1.70898,-2.51953,0.60889,3.00977,1.29688,-1.39941,-2.06055,0.45703,-0.99268,0.38452,0.06995,-0.39087,0.42065,0.09033,0.10797,-0.27881,-0.23523,0.29126,-0.07050,1.74512,-0.21777,0.16138,0.85547,-0.55615,-0.23926,1.23535,0.17163,-1.67773
0.45483,0.25562,0.00372,0.04489,0.37598,-1.12891,-0.75488,0.63867,1.19141,0.64551,0.43042,0.24390,2.03516,1.58984,0.05801,-1.91406,-1.71289,1.00391,-0.07452,0.71973,0.67871,0.68506,-0.18506,-1.14453,-0.77295,-1.01074,0.13293,0.82080,0.30444,1.80176,-0.20117,0.85205,0.19189,-1.12988,-1.22168,-2.47461
-0.11273,-0.00009,-1.00488,-0.90430,0.07001,-0.66602,-0.26611,-0.86768,0.46582,-0.39478,0.87793,0.81104,1.11523,0.27466,0.29419,-0.60889,-0.73584,0.26514,-0.16821,-0.07312,0.35376,-0.77441,-0.69385,-0.30493,-0.38354,0.69482,0.41748,0.59766,0.27783,0.47559,0.11694,0.39551,0.32251,-0.05228,0.06174,0.95801
-1.11816,-0.18127,-0.57861,-0.33862,-0.18152,-0.43848,0.02640,-1.28418,-2.96680,-1.57715,-0.69824,-0.45166,-1.04102,-1.87012,-1.13574,0.13501,1.77637,0.07343,-0.63574,-0.17505,-0.58350,-0.65625,-0.25708,-0.52002,-0.70752,-1.01074,-0.05389,-0.33594,-0.77246,-0.66650,-0.55469,-0.58496,-0.79492,-0.60059,-0.80078,0.10449
1.52832,-2.37500,0.05725,-0.94824,0.08502,2.37109,1.84863,-2.50195,0.45337,-4.22266,-0.22461,0.24292,-0.37573,0.91992,0.01456,-0.15295,-0.13049,0.25781,-0.98633,-0.92432,0.15845,1.79688,3.02539,-1.86621,1.83887,1.05371,-1.12598,-0.82764,-2.39062,1.96680,1.70898,2.02734,-0.52588,-0.75781,1.79980,-2.97656
-1.01465,-0.21863,-0.39355,1.03613,1.18555,0.61230,-0.62109,0.37744,0.64355,0.22717,-0.20105,-0.70020,0.15491,0.20398,0.77686,0.28638,0.11774,0.56836,-0.85938,-1.23047,-0.61133,1.92188,1.85938,0.80469,0.26953,0.81348,-1.49609,0.23767,2.52930,0.04895,0.54980,0.15735,0.78760,-0.17737,0.25928,0.41577
-0.53516,-0.43994,-0.48804,0.53809,-0.19629,-0.51611,0.34375,1.17871,1.00293,0.01974,-1.51660,-0.15332,-1.12109,-0.95801,-1.19141,-1.72852,-0.73340,-0.65967,-0.44434,-2.07227,-0.62549,-6.06250,-0.50635,-2.16211,-0.14722,1.16113,-1.21484,-0.42480,2.06836,2.09961,-0.82324,-1.24414,1.13184,1.03613,2.30664,0.88525
0.88672,-0.28223,0.61768,-0.27490,0.38257,0.13391,0.39673,0.95605,1.30762,-0.14551,0.92529,0.98975,0.40088,0.45020,-0.42090,0.36865,0.80029,0.76172,-0.05298,-0.12238,-0.37598,-0.12671,-0.27441,-0.59229,-0.89990,-1.15918,-1.79004,-1.19727,0.08374,-0.05026,-0.32300,0.10516,1.07227,1.30273,0.16101,1.11328
0.44751,0.48413,-0.38599,-0.52197,0.31055,-1.66699,-1.03223,-0.35986,-0.03787,0.50195,1.76172,0.24121,-0.17981,-0.77588,-0.06494,-0.88965,-2.13477,0.27319,-0.02640,-0.44727,0.16333,-0.73535,-0.69287,2.19727,1.38965,-1.30566,-0.80566,1.23828,0.86914,-0.64502,-1.31543,-0.09479,0.05237,0.54395,2.76953,1.75391
0.72852,2.04688,0.60498,1.00586,0.86426,1.28418,0.52490,1.28125,0.23584,0.56641,1.68555,0.70703,1.13770,0.69385,0.02887,-0.58691,-1.49121,-0.17224,-0.29932,-0.14722,0.02339,0.60156,0.74756,-0.28540,0.54053,0.12537,-0.16992,0.59766,-0.84766,0.11951,1.60840,0.70654,-0.10907,-0.57373,-0.08087,0.46606
-0.09320,0.28613,-0.54883,0.02338,-0.68896,-0.87891,-0.51416,-0.09875,-0.35742,0.92969,2.10742,1.07910,-0.02536,-1.40137,-0.54541,0.42212,-0.75000,-0.75732,-0.53906,-0.53027,0.58496,1.13477,0.07855,-0.16614,-0.11121,0.40454,0.59082,-0.59961,0.12427,-0.69336,-0.18689,1.31934,0.77246,-0.10345,0.77490,1.03027
-0.18481,0.99268,-0.12561,-0.15820,-0.08685,0.56494,0.28760,-0.52686,-0.33276,-0.02493,-1.18750,-1.16406,-0.21973,0.09821,-0.55273,0.01202,1.93066,0.42407,1.14551,1.25488,0.45239,1.06836,0.61377,-2.18164,-1.87793,-0.71533,-1.17188,-1.57617,-0.43188,0.21521,-0.38647,-1.28320,-0.86523,-0.87500,-1.18652,0.56934
-1.01465,-0.21863,-0.39355,1.03613,1.18555,0.61230,-0.62109,0.37744,0.64355,0.22717,-0.20105,-0.70020,0.15491,0.20398,0.77686,0.28638,0.11774,0.56836,-0.87354,-1.52734,0.29175,1.08887,0.10388,0.58936,-1.89160,0.89160,0.22485,-0.12085,-1.48730,-0.14502,-0.20264,-1.13281,0.32886,0.08990,-0.22302,1.01562
-0.24866,0.37842,0.45898,1.00781,1.51660,0.07104,0.24963,-0.90967,0.04199,0.14832,0.25806,-0.10681,-0.07758,0.47852,0.55371,-0.07727,-1.58203,0.24463,-0.96436,0.19446,-0.99512,0.51562,0.84814,-0.19775,-0.12158,-0.33521,0.88477,1.06543,1.45898,-0.45752,-0.88428,1.41699,1.25293,0.48706,1.65039,-1.22168
0.53418,-1.05762,-1.15527,-1.84473,-0.13220,-0.50684,-1.02051,0.19470,-0.40283,-2.75000,0.31323,-0.20251,-1.48145,-1.96875,-1.44043,-0.93457,-1.60840,-1.22852,0.00630,-3.01562,0.17859,-2.47852,-0.92383,-1.54883,2.26758,0.28271,-0.47974,-1.53809,1.02832,2.33008,-1.09180,-3.06836,-0.34546,-0.11731,-1.77148,-0.92188
-0.69385,-0.24634,-0.02937,-1.28027,0.03809,-1.03320,0.46045,0.39062,-0.13916,-0.00609,1.49707,1.76465,0.38940,1.65039,-0.71436,0.14172,0.48584,-0.85303,0.20898,0.16553,0.70264,-0.13452,0.00969,-0.01575,-0.01139,0.74072,-0.11523,0.70361,-0.11346,-0.98389,-0.03038,0.22607,-0.79297,-0.45898,-0.49048,0.62061
-0.97607,-0.15430,-1.01367,0.24548,0.28369,0.20288,-1.45117,0.05685,0.27075,-0.17285,-0.39917,-1.13867,-0.08197,-0.54590,0.42212,-0.40259,-1.66016,-2.29883,-0.04431,-0.81689,-0.87549,-0.20398,-0.78760,-1.07910,-0.69531,-0.76709,-0.51367,0.01604,0.64893,1.72656,-0.59473,-0.63818,-0.87891,0.71045,0.67773,0.18225
-0.18030,1.34766,1.03223,1.92969,1.54297,1.09277,0.23657,1.70996,1.76660,1.89355,0.02383,-1.35156,0.68506,1.58398,1.21289,0.29834,-0.22107,-0.07141,-0.17078,0.01110,-0.05420,-0.59033,-0.85156,-1.08496,-0.66602,-0.49976,-1.31152,-0.47266,0.10010,-0.24146,-0.93896,-0.67822,-0.12683,-0.37842,-1.70605,-1.36328
2.22852,0.50586,-1.76172,0.28125,1.03516,0.87451,1.22266,0.32104,-1.08594,0.41040,0.50879,-1.84375,-0.87207,-0.42163,0.89209,0.52539,-0.19458,0.38623,-0.91211,-0.18689,-0.36499,0.07159,0.19226,-0.60840,1.04004,0.35010,0.75781,0.04681,0.93213,-1.15332,0.70947,0.48682,1.40039,0.20642,-0.54883,0.66992
0.28174,-1.71191,-0.55713,-0.74023,-0.20850,-0.16260,-0.92773,-1.20117,1.30469,0.69238,-0.42212,0.29370,-1.45605,-1.32910,-1.14062,-0.52002,0.71777,-2.22461,0.13684,-1.24219,-0.04684,-0.43994,-0.25293,0.22583,1.47656,-0.14844,0.00521,0.28467,-0.31250,0.65137,0.36279,0.54785,-0.53076,0.37817,0.46069,-0.05228
-1.26562,-0.64600,0.80762,0.25708,-1.09277,-1.69922,-0.30151,-0.55615,-1.13867,-1.22852,-0.40039,0.58398,0.19971,-0.59766,-1.14648,-0.45972,0.15295,0.09833,-0.39404,0.02948,0.20227,0.75244,0.79688,0.66504,0.48584,-0.41699,0.41895,1.07031,0.58545,-0.48560,-1.23828,-1.38086,-0.17102,-0.63770,-1.22168,0.90771
-0.89111,0.00570,-0.33008,-0.28247,0.27124,-0.59912,-0.80127,-1.33203,0.25171,-2.16602,-1.86133,-2.11133,-0.55127,-1.04883,0.52637,-0.57764,0.27002,0.91650,-0.07159,-0.35962,-0.34521,0.12097,-0.34033,0.21802,-0.81787,0.49170,-0.23364,-0.52881,0.16614,-0.87939,-0.40479,-0.38086,-0.82080,0.08777,-0.42065,-0.90527
1.99805,2.17578,1.66602,0.95801,0.27271,1.05371,0.77246,0.87402,0.06458,0.80664,0.57422,1.03125,0.51318,0.65234,1.43457,0.10565,-0.01287,-0.23047,-0.23828,0.33179,-0.74805,0.77734,0.05774,-0.30200,-1.41895,0.57715,1.56641,1.22168,0.37329,-0.56348,0.88672,-0.36401,-1.29395,-0.58838,-0.10657,0.71924
0.82666,1.87988,0.68701,0.85840,1.25000,1.11133,0.81055,1.51465,0.78662,1.03027,1.12207,0.78857,1.78027,0.04324,-0.83545,0.13123,0.72119,0.27539,0.15552,0.21545,0.04404,0.31665,-0.17090,-0.99072,-1.25781,-1.08691,0.38843,-0.10413,-0.12469,1.59961,1.18066,1.09668,0.43750,0.34546,0.32324,-0.03290
-1.01465,-0.21863,-0.39355,1.03613,1.18555,0.61230,-0.62109,0.37744,0.64355,0.22717,-0.20105,-0.70020,0.15491,0.20398,0.77686,0.28638,0.11774,0.56836,-0.00295,-0.00059,-0.00083,0.00296,0.00319,0.00092,-0.00205,0.00018,0.00097,-0.00020,-0.00130,-0.00237,-0.00051,-0.00026,0.00149,0.00066,0.00023,0.00131
0.34375,-0.47925,0.07043,-0.52148,0.52637,-0.65674,-0.70508,-0.66748,-0.24304,-1.45703,-0.38477,-0.36230,-1.03125,0.49243,0.51416,-1.62207,-0.29468,-0.02737,0.23022,0.75342,-0.15259,0.94873,0.19812,0.55078,-0.16980,0.68018,1.08789,-0.62354,1.28711,0.16565,-1.12695,-1.21680,0.56934,-1.76758,0.35815,0.55566
-1.01465,-0.21863,-0.39355,1.03613,1.18555,0.61230,-0.62109,0.37744,0.64355,0.22717,-0.20105,-0.70020,0.15491,0.20398,0.77686,0.28638,0.11774,0.56836,-0.00295,-0.00059,-0.00083,0.00296,0.00319,0.00092,-0.00205,0.00018,0.00097,-0.00020,-0.00130,-0.00237,-0.00051,-0.00026,0.00149,0.00066,0.00023,0.00131
0.02943,0.31250,-0.88770,-0.46436,0.21326,0.31934,0.52393,1.75879,0.89209,-0.32544,0.75000,0.18665,0.41260,0.49146,0.81201,1.27148,0.66504,-0.31030,0.21362,-2.12891,0.82520,-0.55664,-2.08984,-0.67383,2.08789,1.11719,-2.27930,0.90918,-0.08539,0.89844,0.86914,1.17969,0.04562,1.27832,-1.01758,-1.14258
-0.82861,-0.85352,-0.07660,-0.73633,-1.31055,-0.23584,0.46558,0.33398,-0.42529,-0.44897,-0.84326,1.37207,1.33984,0.44653,-0.62598,0.77393,0.81396,-0.90479,1.03320,-0.04245,-2.13281,-0.59717,1.69922,0.15515,0.52637,-0.33203,0.78369,-0.40845,-0.50391,-1.90039,1.02832,-0.58252,0.76611,1.16406,1.75781,1.20996
-1.41211,0.13245,-0.00776,0.58008,1.34570,0.60547,0.01814,1.19727,1.18652,0.25317,-0.40674,-0.02975,0.34888,0.66748,0.96240,0.08368,-0.37378,1.08301,0.24243,0.25171,-0.50488,0.16028,0.25269,-0.18774,1.17188,-0.19312,0.01903,0.41919,1.13770,-1.15820,-0.88916,-0.28027,0.85498,-0.50098,-1.35547,-0.70996
-1.01465,-0.21863,-0.39355,1.03613,1.18555,0.61230,-0.62109,0.37744,0.64355,0.22717,-0.20105,-0.70020,0.15491,0.20398,0.77686,0.28638,0.11774,0.56836,-0.00295,-0.00059,-0.00083,0.00296,0.00319,0.00092,-0.00205,0.00018,0.00097,-0.00020,-0.00130,-0.00237,-0.00051,-0.00026,0.00149,0.00066,0.00023,0.00131
0.62256,0.82178,2.96484,-0.68115,-1.15137,-1.00684,1.14453,-1.32520,-1.60059,3.25391,-1.88574,3.30469,1.65137,-3.80078,2.18555,-2.38281,-0.23975,0.66602,-0.26489,-0.98145,-0.49976,-1.15918,-0.71191,-0.75879,1.43555,1.58887,0.38867,-1.45508,0.21484,1.95898,-2.75586,-1.09375,0.79590,-1.82715,0.40479,-0.04248
-0.80371,-0.11926,-1.08496,-0.25513,0.23425,-0.12842,-1.04102,0.39746,0.96143,-1.11328,-0.54004,-1.72070,-0.03131,0.55078,-0.17334,-0.77783,-0.95801,1.10059,0.85596,-0.21057,-0.07300,1.13574,-0.94434,-0.40674,0.56299,-0.85254,-0.09796,0.87256,0.42969,-0.06158,0.87207,0.28979,-0.06537,0.05533,0.20630,0.31470
0.68799,-4.10156,-0.12695,-1.20508,-0.93994,0.94043,-1.46094,1.37988,-0.86719,-2.99219,-0.21729,-1.44141,1.33984,2.28711,-0.43286,0.57031,1.84473,0.32373,0.45605,-0.36108,0.28418,-0.59326,-0.77637,0.20886,0.21851,-0.44604,-0.63916,1.63574,0.29541,-1.02734,-0.98877,-0.03757,1.24023,-1.73145,-0.26660,1.35156
0.53955,2.20508,0.41211,0.98584,0.90283,1.67773,0.34863,0.76367,0.98633,0.33032,0.31934,0.25952,2.16016,0.81201,0.40503,-0.50195,-1.66016,-1.09961,-0.01636,-0.05411,-0.62793,-0.59375,-0.20020,0.66357,0.54492,1.03027,-0.44873,-0.51660,-0.70117,-0.32617,-0.27808,-0.01755,-1.62207,-1.87305,0.30078,0.32007
-0.05289,-1.44531,-0.06104,-0.93457,-0.73486,-0.81641,-0.08936,-0.20862,-0.39380,-0.90479,-0.85596,-1.11914,-1.17969,-0.56836,-1.67773,0.04202,0.39746,-1.39355,0.06247,-0.42676,-0.60449,-0.02876,0.10022,0.66357,-0.78271,1.16211,-0.12866,0.50488,0.22424,0.42505,1.57031,-1.00293,-0.35498,1.28516,1.49805,2.14062
-0.83105,0.82812,-1.20703,0.06168,0.45654,-0.59717,-1.11914,0.17566,0.75293,1.58301,1.50195,0.68066,-0.47754,-2.12500,-1.55078,-0.45703,0.35303,2.13086,-0.30273,0.18982,1.15527,0.14331,0.33838,0.08734,0.19336,-0.28711,-1.63965,-0.89893,-0.29102,0.10205,-0.24902,0.89746,2.29102,1.44238,-0.86035,-1.73047
0.95654,-0.40405,-1.51270,-0.92676,-0.77197,0.08472,-0.26929,0.26172,0.22864,-0.37476,-0.28394,-0.22424,-0.92529,0.05231,0.65039,-0.78320,-1.24707,-2.74414,1.08887,-0.69141,0.55908,0.54541,0.20996,0.64111,-0.08350,0.96338,0.11090,0.63232,0.03354,-1.59082,-0.79102,-1.94922,-1.22168,-0.30688,-0.64551,-1.04199
-0.15356,-1.17090,-0.26758,-1.08496,-0.85498,-1.02344,-0.72852,-0.56543,-0.66162,-0.83057,-0.77100,-0.29639,-0.63916,-1.44141,-1.72656,-0.85742,-0.95166,-1.57910,0.06500,-0.40625,0.60889,-0.01744,-0.25366,-0.07788,1.62598,-0.25122,0.41821,2.64453,-0.28955,-3.03711,-2.00000,-1.53223,-0.63428,0.97119,-0.59766,-1.37500
0.77197,0.37134,2.44727,-0.29199,-1.73438,-0.28735,-0.59375,-1.15625,-1.45801,-2.78906,-0.98926,-0.13147,-0.46387,-0.53857,0.50195,-0.40454,-0.79883,-1.11621,0.43164,0.11945,3.42969,1.72754,0.80469,-0.82080,-1.14941,-0.56299,-0.67480,-2.30078,0.79297,2.00391,-0.33179,0.95410,-0.09900,-0.00960,-1.16895,-0.15723
-1.01465,-0.21863,-0.39355,1.03613,1.18555,0.61230,-0.62109,0.37744,0.64355,0.22717,-0.20105,-0.70020,0.15491,0.20398,0.77686,0.28638,0.11774,0.56836,-0.00295,-0.00059,-0.00083,0.00296,0.00319,0.00092,-0.00205,0.00018,0.00097,-0.00020,-0.00130,-0.00237,-0.00051,-0.00026,0.00149,0.00066,0.00023,0.00131
0.48315,-0.11902,1.41895,-1.06738,-2.27148,-2.41406,0.75977,0.99951,-1.84961,2.02734,-0.68945,-0.99609,0.40405,-3.42773,-0.71729,-1.88672,-0.89307,-0.79004,1.00488,-2.60742,-2.07227,-2.83984,-0.05682,-2.41406,-0.34668,3.42578,-0.84424,-0.08490,-2.31250,0.02687,0.96484,-0.70264,0.08124,1.10449,1.18164,-2.69727
-2.02539,-2.71289,-1.25684,-0.39233,-0.25854,-1.42871,-0.35986,-0.50928,-0.60938,-0.12366,-0.57861,0.64062,1.76953,0.22937,-0.58545,0.47900,0.23901,0.59814,-0.13611,-0.11493,-0.28296,-0.00101,0.08948,-0.15833,0.26929,-0.09973,0.12250,0.42773,-0.07416,0.01314,-0.11438,-0.53857,0.45898,0.38477,0.83496,0.67725
0.03192,0.31763,0.85645,-0.64990,0.83887,-0.78613,0.88916,0.38159,0.72021,0.63379,1.19922,1.47754,0.43921,0.34229,0.43213,0.64551,0.52979,0.40576,0.05585,-0.07379,-0.61768,-0.62744,-0.69141,-1.07715,-0.57520,-0.96729,-1.63574,-1.35547,0.52539,1.09082,-0.63525,-1.95996,-0.44995,0.37231,0.32495,1.15332
0.54980,-0.64990,-0.62012,-1.37207,-0.89697,-1.31055,-1.38574,-1.22266,-1.10645,-1.63965,-0.17371,0.34473,-0.37524,1.00098,1.25293,0.28760,-0.45117,0.22693,-0.13489,-2.00195,0.54346,-0.18152,-0.84277,0.14160,2.00977,-0.86182,-1.45508,0.10492,1.33594,1.71973,0.99902,0.08508,-1.20703,-0.02444,0.51709,-0.49072
-0.03943,-2.13477,0.16406,-0.71143,-0.63281,-0.28076,0.27881,0.16492,-0.18384,0.08606,-0.61719,0.19397,-0.32544,0.23181,-1.87500,-0.41748,-0.46802,-1.33887,0.37964,0.23462,-0.32837,-0.82861,-0.26587,1.00586,0.44336,-0.17920,-0.06183,-0.73389,-0.00823,-0.77441,-0.38672,1.19531,0.60986,-0.74121,-3.01562,-2.26172
-0.46582,-1.63672,-0.16724,-0.70508,-0.67920,-1.06250,0.34790,1.49414,1.23340,1.44141,-0.52832,-0.03848,-0.70801,0.18494,0.93848,-0.37939,-0.93604,-1.89355,-0.20935,-0.31299,1.05176,0.24792,-0.81689,-0.79980,-2.26953,0.37256,0.51172,-1.17773,-0.81250,0.17468,0.45190,-0.03674,0.21289,-0.71045,-1.94629,-0.33472
-1.13867,0.43677,3.66406,1.09375,0.23303,-0.71484,0.93701,0.52051,-0.77930,0.07489,0.92920,-0.07404,-0.64990,0.79492,-0.27148,1.42285,2.64648,0.28760,-1.75098,0.77051,0.50830,-0.25391,0.84961,0.28467,0.78418,1.57715,0.06689,0.13391,0.65137,-0.76807,-0.72656,-0.01167,-1.00391,1.06641,1.30273,-1.00586
-0.64258,-0.98926,0.09619,0.20496,-0.00798,0.18738,-0.14026,-1.39648,-0.54541,-1.24609,-0.43872,-0.06964,-0.12408,-0.47754,0.01046,-0.44043,0.20679,-0.29956,0.49072,0.16870,-0.07330,0.35156,-0.39722,0.55078,-0.14661,0.11200,-0.40234,-0.62256,-0.28174,1.21289,-0.02769,-0.58057,0.36011,-0.04449,-1.61230,-0.48730
-1.01465,-0.21863,-0.39355,1.03613,1.18555,0.61230,-0.62109,0.37744,0.64355,0.22717,-0.20105,-0.70020,0.15491,0.20398,0.77686,0.28638,0.11774,0.56836,-0.00295,-0.00059,-0.00083,0.00296,0.00319,0.00092,-0.00205,0.00018,0.00097,-0.00020,-0.00130,-0.00237,-0.00051,-0.00026,0.00149,0.00066,0.00023,0.00131
0.74072,0.14197,-1.04492,-0.69385,-0.42432,-0.23108,0.93896,0.53271,0.16760,-0.53857,-1.29102,-0.11792,1.47754,0.66016,0.40479,0.05655,0.30811,0.26123,0.07916,-0.16992,0.13647,0.27368,0.92725,0.69824,-0.80908,-1.01758,-1.99512,-0.29785,0.86377,0.98633,0.63281,0.95264,1.49414,0.08075,-0.76953,-1.46387
-0.04697,-0.65967,0.44678,0.19849,-0.65576,-0.73242,-0.48901,-0.42505,-0.38184,1.79004,-0.16077,0.42090,0.99170,0.76123,-0.94824,-1.55957,0.17065,-0.89258,0.35498,-0.26367,-0.67188,-0.32617,0.91309,0.20947,0.34521,0.09033,-0.05844,0.59521,0.32056,0.86914,0.98291,0.42432,0.52051,0.37231,0.47510,-1.25586
-0.56641,0.04977,0.39795,0.34424,0.62061,0.63672,0.33350,-0.28613,0.61475,0.10638,-0.22083,-2.17383,-0.40942,-0.24561,0.73096,0.30957,0.32446,0.13135,0.24353,-0.32471,0.15210,-0.11737,-0.16309,-0.59180,-0.26782,0.39722,-0.74072,-1.83008,-0.40991,1.53809,1.29688,0.04831,-0.88525,-0.39893,1.31543,0.89844
-0.08093,-0.16187,-0.13257,-0.04428,-0.71680,-0.55859,-0.84375,0.19080,0.06360,-0.47925,-0.37500,0.47632,0.56836,1.64258,0.85449,-0.25464,1.21094,0.75439,-0.17786,0.44775,0.87158,0.00420,-0.38501,-0.83252,-0.07806,0.01839,1.00391,0.47070,0.03038,-2.17188,-0.67285,0.17468,1.08691,1.09668,0.76074,-0.01584
-1.38086,-0.13281,-0.36646,-0.32910,-0.10297,0.75488,1.01855,0.25513,-0.00096,-0.67334,-1.05371,0.87793,0.25903,0.50781,-0.25488,-0.64600,0.95654,0.90576,0.05624,-0.13245,-0.78418,-0.33081,-0.32935,-0.11047,0.11511,-0.99756,-0.70215,-0.31274,0.21753,0.10394,0.26025,0.28857,-0.08191,-1.29883,-0.85400,-0.64453
1.45508,-0.53711,2.23438,1.37402,0.95605,-0.37329,1.07617,1.95020,-0.14209,2.76172,-0.34888,2.17969,-0.00624,-1.28125,1.11426,-1.83984,-0.19702,2.48828,0.75586,-1.17285,-2.99023,-0.70410,-0.14062,0.09888,-0.47949,-0.70947,0.44678,1.92578,-1.11328,-0.16248,0.38550,-2.82031,-0.22351,0.58545,-0.88428,-0.89258
1.75781,1.61133,-0.64893,-1.36719,-0.66211,-2.29102,0.27710,-1.89062,-0.76807,1.23340,-0.26416,-0.64111,-2.08398,0.32666,-0.86133,-1.25879,0.18359,-0.90918,2.07031,0.84814,-1.56445,-0.95752,-0.17590,-1.03125,-0.79443,1.08496,-0.31812,1.90234,0.24268,0.39722,0.41064,0.76904,1.25000,-2.13672,0.60498,-0.03473
2.56055,-0.12146,1.12402,2.05273,0.08124,-2.02539,1.35840,1.69922,-0.54199,-0.89014,1.06348,1.39941,0.11102,-0.01654,0.60205,0.89648,1.00391,0.55713,0.00150,1.44434,2.43750,1.12305,-0.03105,-0.97900,0.37744,-0.09882,0.41235,0.20911,1.81152,1.63379,-0.80029,1.28906,1.39746,1.85156,-0.70166,0.18982
1.67773,0.32153,0.51660,-1.89355,-2.16797,2.38477,0.35620,-3.63672,0.01284,-0.21008,-0.64990,1.85156,0.27466,-0.84717,-0.96729,-0.09869,-0.83594,0.04681,1.11816,-0.22485,0.08429,-1.20410,-1.36426,0.69873,-0.77734,2.57227,1.15723,-3.31055,-2.16797,-0.45654,1.16699,1.41016,0.49121,-1.21094,-1.31543,-0.54395
0.05872,-1.44238,-0.46509,-1.42969,-0.49487,-0.31079,0.74902,-1.25781,-0.76318,0.16858,-0.53613,-0.62207,-2.04297,-0.74365,-0.91162,0.84863,-0.67725,0.69873,0.29785,0.78076,-0.24878,-0.21765,-1.41504,-0.15771,-0.21924,-1.89648,0.26367,-0.05154,0.58350,0.92529,2.18359,1.50586,-1.94043,-0.47925,-1.04883,0.95215
-0.29395,0.83252,0.59766,0.98828,-0.48364,0.36133,0.18542,-0.81006,-1.10547,0.58984,-0.00918,0.43457,-1.01074,-0.62012,0.03726,0.57959,-0.77686,-0.66211,-2.05469,-3.09570,-1.00195,-1.37891,-0.94580,0.03473,-0.09357,2.03320,1.82715,-0.16418,0.63916,2.18945,0.63672,0.23279,2.13086,2.04492,0.99268,-0.48535
0.89453,-2.89258,-2.31055,-0.77246,-1.46973,-0.63965,1.31250,-1.44629,-2.39258,-1.09375,-0.73779,-1.21582,-0.90918,-0.17261,-1.29883,1.42578,0.20923,-0.75537,0.28613,1.75293,-0.95312,-0.60205,-0.27319,-2.26758,0.48706,1.19629,-1.82617,-1.22852,-0.66992,-2.48828,-2.33398,0.80859,0.89893,-1.11035,1.59277,0.96484
0.14429,0.33521,0.12256,0.18140,0.76709,0.21631,1.08398,-0.03122,1.04102,1.20020,0.42407,0.25464,-0.40308,-0.31250,0.69629,1.73828,1.07324,-0.24829,-0.44897,-0.28711,0.13696,-0.74805,-1.08789,-1.03516,0.62012,0.41528,0.87988,0.51465,0.01590,0.59375,-0.57861,-0.08966,0.27710,-1.33496,-1.33594,-0.27271
1.47754,2.20703,1.27930,0.37988,-0.71094,-1.15820,-1.41992,-0.67041,-0.30884,0.15137,0.38501,-1.27832,-0.33057,-1.09473,-1.37891,1.08203,0.61670,1.51953,-0.38525,-2.44531,0.83594,-0.73486,-1.21094,0.51416,0.34888,0.20898,-0.15332,-1.58887,-0.55859,0.52344,-1.50293,-1.10156,-0.07849,-0.06750,1.01270,0.53662
0.14868,1.29395,-1.43555,0.85547,0.34912,1.86914,0.77148,1.84277,1.59668,1.48926,1.59570,-0.53564,1.11816,-0.24182,0.10828,1.04883,-0.21777,-0.11774,0.11884,0.38696,0.12164,-0.50928,-1.11035,-0.07776,-0.54883,0.57422,0.04779,0.97998,1.03613,-0.65869,-0.44067,0.07397,0.17578,-0.76318,-1.21582,-1.40430
-2.37305,-1.13965,-0.37622,-0.89502,-1.16504,-1.04492,-0.60498,-0.40747,-2.04688,-0.89746,-0.42798,0.32617,0.85742,-1.34961,-1.41504,-1.11133,0.73193,0.08685,-0.27515,-0.41992,-0.01697,-0.70654,-0.64160,-1.05566,0.67627,-0.46338,-1.45117,1.71387,-1.07031,0.92383,-0.59277,0.99951,-0.43335,-0.52100,1.87695,-2.14453
1.12891,-0.99316,0.03305,-0.23572,-1.51172,-1.57617,-1.29492,-0.30273,-0.84766,-0.57080,-1.77734,-0.46777,-0.18286,-2.80469,-1.39062,1.81055,1.85059,4.07422,-0.02226,-0.31934,-0.46313,-0.57275,0.56152,0.47266,-1.42969,1.06543,1.26855,1.36816,-1.71484,0.16077,2.23242,-1.44238,-1.20703,-0.02086,-0.24182,2.72070
0.55127,-0.95898,-0.69873,-1.04785,-1.03516,-1.03320,-0.52197,0.07947,-0.49194,-0.26050,-0.41626,-0.69238,1.09473,0.46313,1.25195,2.05078,-0.46875,-0.73242,-0.14575,0.25732,0.31177,-0.26758,-0.76855,0.58301,0.72656,-0.46021,-1.04297,-0.48877,0.13000,0.32568,0.08209,0.22876,0.99805,0.68652,-0.70215,-1.21875
1.54199,-0.25391,-1.82324,0.32178,-0.62012,-2.09570,-1.01758,1.22266,-0.67871,-2.29688,-0.93701,-0.59717,-1.84570,-2.54688,-0.20081,-0.87793,-2.67578,-0.56543,-0.28003,-0.51318,2.42578,1.01074,-1.73730,0.03653,1.95312,0.02890,-0.56494,0.83740,-0.12122,-1.15430,1.08203,2.08398,-0.03781,-0.03458,-1.09961,1.11914
1.66113,-1.17090,-0.43970,-0.86182,0.15710,1.58496,-0.05325,-0.90479,0.60547,-2.14062,-2.37305,0.20972,-3.40625,-0.21497,0.82812,-2.44922,-0.65186,-1.49219,-0.12793,0.20337,-0.03099,-0.99268,0.98975,0.94287,-0.65820,-0.30908,0.96875,-0.96973,0.24365,0.70557,-2.12305,1.47949,-0.11658,-1.99023,1.95996,-0.76807
0.51025,-0.74512,-1.01270,-1.45898,-0.10217,-0.10608,1.00000,-0.48169,0.09766,-0.04138,0.38428,0.41211,1.03418,1.69434,-0.66846,-0.13000,0.44653,0.65576,-0.26514,0.25220,0.24878,0.40942,-0.00658,-0.39258,0.99512,0.18628,-0.23132,-0.64990,-0.31104,0.92041,0.65479,0.79248,-1.00879,-1.42773,-0.57959,1.90527
1.62012,-0.04523,-1.59473,-0.75098,-0.30811,0.10504,1.42773,3.01953,-0.21228,-0.33594,-0.09296,0.34888,-1.22070,-0.77881,1.93164,0.37305,0.27563,1.30176,-0.31738,0.47192,-0.88916,-0.55908,-1.10938,-2.95117,-3.96875,-0.75488,1.06934,-0.32568,-1.05176,-0.58887,1.29199,-1.79785,-1.29492,1.38574,-0.20850,0.37354
-1.01465,-0.21863,-0.39355,1.03613,1.18555,0.61230,-0.62109,0.37744,0.64355,0.22717,-0.20105,-0.70020,0.15491,0.20398,0.77686,0.28638,0.11774,0.56836,-0.00295,-0.00059,-0.00083,0.00296,0.00319,0.00092,-0.00205,0.00018,0.00097,-0.00020,-0.00130,-0.00237,-0.00051,-0.00026,0.00149,0.00066,0.00023,0.00131
-0.99805,-0.03229,-1.26660,-0.12390,0.16125,0.11328,-0.77393,0.13684,1.33691,1.09668,-0.03363,0.27734,2.32422,0.98096,1.17188,1.70117,0.41138,1.16699,0.17432,-0.17212,-0.55615,-0.32178,0.05670,0.40381,-0.12842,-0.55811,0.37183,0.30786,-0.53320,0.09625,0.65869,-0.68701,-0.72559,-0.26147,-0.89062,0.19812
-0.44434,0.06451,-1.69727,-0.22852,-0.84570,-1.07227,-1.61133,-0.46191,-0.39893,0.03290,0.38696,-1.01562,-0.36353,-1.66895,-0.85059,-0.40649,-0.50586,0.10181,-0.15869,-0.33154,0.20886,0.57715,0.27954,-0.29785,0.44873,1.10059,-0.54688,-1.58301,-1.27246,-1.36426,-1.06836,0.62305,-0.53271,-0.31152,0.06903,-1.38672
-1.01465,-0.21863,-0.39355,1.03613,1.18555,0.61230,-0.62109,0.37744,0.64355,0.22717,-0.20105,-0.70020,0.15491,0.20398,0.77686,0.28638,0.11774,0.56836,-0.00295,-0.00059,-0.00083,0.00296,0.00319,0.00092,-0.00205,0.00018,0.00097,-0.00020,-0.00130,-0.00237,-0.00051,-0.00026,0.00149,0.00066,0.00023,0.00131
0.95703,-0.45312,-0.21472,-0.44751,0.65869,0.61621,0.60254,0.37524,-0.14600,0.26367,0.18555,0.34644,0.02966,1.96875,0.80078,0.90479,1.14551,0.38525,-0.06061,0.83984,1.09277,-0.02713,0.89062,0.65820,2.23438,2.08984,0.57520,0.12720,0.60693,-0.06525,-0.20972,0.18945,0.44458,-0.31641,-1.18750,-1.41602
-0.25366,-1.84570,-0.47534,-0.45996,-0.52100,1.10645,0.29883,-0.89990,-0.06354,-0.65381,-0.96777,-0.59424,-0.27393,-1.89453,-2.35742,-0.24963,-0.61572,1.47949,-0.32812,0.42505,0.20923,-0.13745,-0.51025,-0.72949,0.08862,-0.92871,-0.90186,1.51660,0.00247,-0.19824,-0.42725,0.61230,-0.25317,-0.26685,-0.83105,-1.62500
0.08295,-1.51855,1.42285,0.43091,0.91211,-1.12793,0.01845,0.50732,-1.85254,-1.67090,-0.29517,-0.47705,0.14758,-1.93066,-1.70996,-0.56348,-2.25781,-2.51953,0.20837,1.85352,0.06830,1.48730,3.06836,0.72949,-1.83105,0.15466,-0.58154,-1.33789,0.60547,-0.75635,2.36133,4.32812,-1.35352,0.55127,-0.58252,-0.14978
-0.48535,-0.69287,0.36206,-0.27100,-0.04755,-0.52588,-0.14221,-1.48047,-0.50293,0.31372,-0.94287,-0.32666,0.19861,-0.96533,-1.05176,1.24707,0.92529,1.47559,0.19495,-1.38770,-0.11597,0.80225,-0.48779,0.97852,-0.42578,0.00586,-0.63184,-2.97656,-1.30176,-0.11469,-0.07654,1.33496,0.83740,-1.51953,1.53711,1.57520
-0.06317,0.30786,-0.86719,-0.31592,-0.87598,-0.55469,-1.11523,0.57568,0.68359,0.50000,0.66113,-0.06204,0.89453,-1.19434,-2.11914,-0.23962,0.19421,2.48633,-0.13489,0.08759,-0.11804,-0.52734,-0.89258,-1.28320,-0.46899,0.72461,1.00781,0.95996,1.08105,-0.28760,-1.62695,-1.65723,-1.48242,0.14673,0.44312,2.01367
0.88330,1.74902,0.31689,1.40527,2.50586,1.94141,2.45117,0.58203,-0.26465,0.40332,-0.22107,0.97070,-0.20825,0.17932,-0.84912,-1.44629,1.11621,0.73828,-0.03372,0.21399,0.54688,0.92383,0.79541,0.67334,-0.46924,-0.34863,0.74512,-0.30737,0.50732,0.09369,0.71875,-0.22400,-0.25586,0.09656,-0.67236,0.97314
-1.01465,-0.21863,-0.39355,1.03613,1.18555,0.61230,-0.62109,0.37744,0.64355,0.22717,-0.20105,-0.70020,0.15491,0.20398,0.77686,0.28638,0.11774,0.56836,-0.00295,-0.00059,-0.00083,0.00296,0.00319,0.00092,-0.00205,0.00018,0.00097,-0.00020,-0.00130,-0.00237,-0.00051,-0.00026,0.00149,0.00066,0.00023,0.00131
1.63965,1.05078,2.28320,0.87012,-0.64062,-0.33032,-1.07422,-1.64062,-0.94287,-0.75146,0.48901,-2.40625,-0.41089,0.09900,-2.70117,0.98291,-0.73389,-0.09387,-0.65967,-1.08105,0.79248,-0.42505,-0.30298,-1.60742,0.90625,0.15686,-0.17322,-1.15430,-1.18359,0.96094,-0.50439,-1.18555,1.45410,1.72363,1.38477,-0.88232
2.22266,-1.25391,-0.93359,-2.91211,-1.03613,1.82422,-0.55713,-0.14502,-1.95898,0.12561,1.34766,-2.51562,-1.64258,-0.06598,1.02051,1.25879,1.05957,-0.21814,0.85791,0.94580,0.12341,-1.95020,-0.25488,1.37500,0.42505,0.96973,-1.85645,-1.12402,2.66797,1.25684,1.00195,-1.20703,-2.25195,-0.90869,0.53320,2.43945
0.44189,0.14368,0.29053,0.20337,-0.10236,0.77930,0.66504,0.37769,-0.20349,1.01758,2.00391,2.16602,1.34863,0.72705,0.30273,0.35620,0.48560,0.51270,0.72266,0.16455,-0.47607,-0.05490,0.45581,0.37744,-0.15283,-0.70996,-0.60352,0.64844,-0.63135,-0.71143,0.03815,-0.85254,-0.59473,-2.04688,0.01572,0.62500
-1.00488,-0.39551,-0.93750,0.87158,0.44287,-0.53125,0.97119,-0.69238,-0.74170,-1.23145,0.17004,0.94531,0.95166,-0.18359,-0.44556,-1.44238,-1.00977,0.59131,-0.59229,-1.06641,-0.48633,-1.14355,1.39551,0.89307,-0.22803,-1.21484,-0.55957,-1.05176,-0.64209,0.68750,0.31030,-0.60254,1.08984,1.57422,1.05566,-0.04755
-0.54834,0.48022,1.25781,-0.11145,0.48413,1.03516,-0.35498,-0.05896,1.23730,0.84229,0.56934,0.66553,1.08398,0.28076,0.68457,0.19897,0.80029,-0.30493,0.23743,-1.47559,-1.64941,-0.43140,1.51074,-0.28223,-0.65332,0.72803,0.08301,0.24805,0.51270,-0.17969,1.32422,-1.12695,-1.69434,0.46411,-1.57324,-1.00977
-1.01172,-0.69775,-0.13342,-0.28906,-0.10529,-0.85352,-0.10925,-1.64160,-0.42407,0.12634,0.85596,0.92383,-0.46655,-0.90674,-0.28540,-0.62695,-0.63330,-0.86475,0.24902,-0.26660,-0.54639,-0.21167,0.57617,0.64453,1.51855,1.57031,0.49048,0.86133,0.83203,1.02930,0.88916,1.22949,0.07025,0.70117,0.66260,-0.63770
1.93652,2.03906,-0.20508,0.80371,1.08789,1.40918,0.11377,-0.34448,-0.00469,1.08691,1.34766,0.19360,-0.13611,-0.36865,-0.21875,0.63428,0.72461,0.57568,-0.37549,-0.03720,0.51611,0.33569,0.46289,0.62305,-0.36670,-0.27026,0.61572,1.13965,0.93408,-0.09985,-0.15979,-1.38184,-0.99951,-1.07031,-0.67285,0.53760
-0.54688,0.35938,-0.12219,0.59570,0.02939,0.31421,1.42871,1.21973,0.41626,0.80566,0.28149,0.81348,0.70557,2.13477,0.59814,0.10858,1.13379,0.38208,0.68945,-0.41553,0.42139,1.23047,0.51758,0.02516,0.24158,-0.47925,0.79248,-0.17358,0.41675,0.24414,0.18909,-0.16223,-0.23047,0.91895,-0.67822,-0.72217
-1.01465,-0.21863,-0.39355,1.03613,1.18555,0.61230,-0.62109,0.37744,0.64355,0.22717,-0.20105,-0.70020,0.15491,0.20398,0.77686,0.28638,0.11774,0.56836,-0.00295,-0.00059,-0.00083,0.00296,0.00319,0.00092,-0.00205,0.00018,0.00097,-0.00020,-0.00130,-0.00237,-0.00051,-0.00026,0.00149,0.00066,0.00023,0.00131
0.31250,0.31641,0.72266,0.96924,1.89746,0.86328,1.66016,-0.12439,0.30054,-0.87842,-0.17688,0.08038,-0.43091,0.34229,0.18237,1.57520,2.37500,0.94434,-0.22131,-0.26587,-0.38110,0.43457,0.66016,0.63770,0.16309,0.73145,-0.03928,-0.79883,-0.79053,-1.33594,-0.18787,0.24207,0.40967,0.20410,-0.35327,-0.24939
1.24414,-1.40039,1.10547,0.14563,-0.64600,-0.79395,-1.06836,1.85352,0.99805,0.33105,-0.20044,0.26538,1.43945,-2.71094,-1.60059,0.85791,0.47388,-0.13672,0.01010,4.71094,0.36694,0.72607,0.44873,0.39526,-1.07910,-3.71094,2.73828,-0.01642,-0.88525,-0.55566,0.88574,1.79590,0.28735,0.56689,-2.43945,-0.49927
0.55127,1.07031,0.08630,0.83594,0.88184,0.82812,0.12476,-0.39185,-0.34253,-0.30493,1.72363,1.24707,1.22266,0.98047,1.40332,1.13965,0.26880,0.46753,0.11481,-0.20227,-0.00506,-0.60498,-0.45947,-1.02051,-1.20898,-0.85693,-1.28125,-0.59814,-0.75342,-0.41064,-1.06348,-1.07715,-0.14636,0.21082,-0.17932,0.63867
-0.76660,1.30566,-1.43457,0.60840,-1.65137,0.14697,0.82666,0.93115,0.74170,-0.48657,0.44922,1.23535,1.45801,-0.21448,0.51953,-0.24670,0.35083,0.80078,2.91602,-1.50586,-0.94238,-2.81836,0.22717,-3.02930,-0.15784,-0.46631,1.97559,1.33301,-1.48730,-0.66064,0.87500,1.21582,-1.06348,0.09088,0.84961,0.66016
1.78320,0.01852,0.83496,-0.02069,-1.97070,-0.59033,1.18066,1.39941,-0.11279,-0.64258,0.71924,0.94141,1.96191,-2.62891,0.10132,1.38672,0.46021,-1.15332,0.09009,0.50098,-0.04474,0.08911,-0.14062,-0.38501,-0.12427,-0.56689,-1.40625,-0.16052,-0.37769,-1.49316,-1.38477,-0.11243,-0.38647,-1.37207,-0.09760,0.08667
-1.01465,-0.21863,-0.39355,1.03613,1.18555,0.61230,-0.62109,0.37744,0.64355,0.22717,-0.20105,-0.70020,0.15491,0.20398,0.77686,0.28638,0.11774,0.56836,-0.00295,-0.00059,-0.00083,0.00296,0.00319,0.00092,-0.00205,0.00018,0.00097,-0.00020,-0.00130,-0.00237,-0.00051,-0.00026,0.00149,0.00066,0.00023,0.00131
-1.01465,-0.21863,-0.39355,1.03613,1.18555,0.61230,-0.62109,0.37744,0.64355,0.22717,-0.20105,-0.70020,0.15491,0.20398,0.77686,0.28638,0.11774,0.56836,-0.00295,-0.00059,-0.00083,0.00296,0.00319,0.00092,-0.00205,0.00018,0.00097,-0.00020,-0.00130,-0.00237,-0.00051,-0.00026,0.00149,0.00066,0.00023,0.00131
0.10468,-0.12128,0.73633,-0.37866,-0.47144,0.05692,1.32617,0.17346,-0.13855,0.21973,0.95117,-0.57764,-1.14746,-0.21606,-1.64160,0.09528,0.40820,-0.74023,0.66113,-0.28345,-0.63281,0.06824,0.29224,-0.35913,-0.82959,-0.04324,2.18945,-0.03110,-1.40430,1.02441,-0.08252,-0.83057,-0.57520,1.41113,0.57959,-0.16431
0.13367,0.08105,1.91211,-1.71875,-1.86719,-0.91748,-0.64404,-2.16602,-0.47900,2.21484,-2.28125,-0.81201,-2.93555,-1.32812,-1.13574,-2.84180,4.04297,4.55078,0.63135,-0.49487,-1.44336,0.77148,-0.78857,0.52881,-0.69629,0.88770,-0.18530,-0.10156,2.62109,-0.43677,-1.16992,-0.76758,-0.16504,-0.63574,-1.70801,0.82031
-0.46436,1.69336,0.23596,1.58887,1.06445,-0.05051,-1.24219,-0.81445,0.29004,-0.18860,0.38892,-0.11896,0.65771,0.41064,-0.64844,-0.85547,-0.07965,0.95166,-0.35669,0.42407,0.78955,0.33984,-0.82422,-0.39258,-0.23535,0.36450,0.14929,-0.69385,-0.84180,0.32324,1.09863,1.45215,0.56104,1.16406,0.67920,0.94385
0.37329,0.47119,2.89648,-0.24011,-1.23438,-1.35645,-1.74512,-0.47314,-2.96484,0.26587,0.24207,-0.32397,0.10968,-1.70215,-0.74268,0.60938,-0.68799,-1.80566,-0.78174,1.48828,-1.36816,-0.39087,2.37891,-1.81348,0.87061,-0.27832,2.29492,-1.04004,-2.22852,2.64648,0.52148,-1.24805,-1.63477,1.34473,0.10236,-0.77588
-1.39844,-0.37134,-1.02051,0.22412,0.19592,0.45361,0.33496,1.40234,1.27051,0.60303,-1.07324,-0.71436,-0.20813,-1.25195,0.43115,0.56689,-0.82129,0.15112,-0.00280,-0.59521,-0.70361,-0.11365,1.38379,2.11328,0.95947,0.06567,-0.49072,-0.41064,0.21875,1.67578,1.42676,1.18945,-1.14844,-0.28809,0.37036,-0.58447
-1.01660,-0.64941,-0.30640,0.37012,1.37793,0.58008,-0.33398,0.40967,1.37500,0.56885,0.16602,-0.35474,1.46875,1.21582,1.39648,-1.47363,-1.25098,0.26758,0.26172,0.90088,-0.12500,0.50342,-0.90918,0.05820,0.75000,0.90918,1.01074,0.05112,-0.07507,0.43237,-0.03949,0.47437,-0.39038,0.07776,0.27344,-0.60742
-0.18970,-0.37720,-1.70410,-1.05664,-0.47754,-0.16309,0.01076,-0.59619,-1.31152,-1.52344,-0.04355,1.10352,1.01562,0.07281,-0.79785,0.39868,0.63281,-0.48364,-0.47632,0.68799,0.59717,-0.14673,-0.52393,-1.11426,-0.50830,-0.18823,0.03409,-0.09436,-0.17786,0.11285,0.87598,1.41895,0.89990,-0.40039,-1.70410,-1.09473
-0.55615,-1.07422,0.23755,-0.94580,-0.54590,-0.70508,0.51367,1.60645,-0.83887,0.05978,0.23254,0.02649,-0.03589,-0.00697,1.02637,2.09180,-0.66748,-1.64648,-0.25366,0.33032,0.62695,1.12793,-1.25293,0.00976,1.58203,-0.49243,0.55664,1.25586,0.14148,0.81885,1.18164,0.34424,1.40625,0.10730,0.66211,1.36816
1.46777,-0.20300,1.06348,-0.00133,-0.00747,0.91650,-0.93262,-0.13916,0.28369,-1.02930,-0.10858,0.09296,-1.13867,-0.51514,-0.78516,-1.26270,-0.26196,-1.40430,-0.57861,0.09564,0.55566,0.10785,0.31592,-0.43115,-0.38477,-1.18164,1.31934,0.80908,0.48901,1.56348,0.82715,0.07257,-0.03278,0.28613,-0.55811,-0.25977
0.82764,-0.65430,-0.99268,-0.95850,0.15637,1.10742,1.16992,1.07031,1.51074,1.42773,1.43848,1.02734,0.44971,0.49756,-0.37964,0.62207,-0.17285,-0.33472,-0.11456,-0.93848,0.75098,-0.40576,-1.03418,-1.01758,-0.29541,0.28052,0.06683,0.01260,0.43604,-0.41992,-0.13757,-0.32812,0.00845,0.81885,-0.30273,0.74512
0.77051,-1.22754,-0.48511,-1.17480,-1.22852,-0.14771,0.60498,0.60742,1.17285,0.91797,1.02734,1.69922,-0.22461,0.27734,1.21387,1.31348,-0.25244,0.90137,-0.16907,0.23560,0.77686,-0.18823,-1.02051,1.25781,2.17383,1.09766,0.91406,0.21033,-0.17395,-0.20679,-0.73047,-1.18359,0.61475,0.61963,1.01660,0.27759
0.87891,-0.41870,0.37231,0.79492,0.81836,0.15369,0.15332,-0.99268,-0.60645,-0.74219,0.31299,0.74414,-0.56934,0.42090,0.19629,0.41260,0.45142,-0.72119,-0.41919,-0.15149,0.07483,-1.07324,0.00200,0.10614,0.13452,0.30420,-1.58691,0.48535,0.30835,-2.11133,-0.33765,-0.40967,-0.99805,-0.15259,-0.00363,1.01953
-0.43872,-0.29956,-0.34668,-1.18262,-0.85596,-0.81934,0.62451,-0.69238,-1.15723,-1.94629,-0.75488,-1.43848,-2.39062,-0.24976,-0.59961,-0.63428,-0.28467,-0.42334,-0.38843,-0.15918,-0.72705,-0.10022,0.42871,1.12988,0.94336,0.65088,-0.25244,-0.10767,0.59961,0.91113,-0.62402,0.02809,-0.14539,-0.62061,0.87256,0.51611
1.58301,0.79346,0.28857,0.56738,1.54492,0.80078,0.90430,-0.67236,0.98877,0.84766,-0.97705,-1.35645,-1.31152,-0.70361,0.48755,-1.40723,-0.58057,0.65674,-1.06152,1.46191,0.46191,1.50586,1.13281,0.31372,1.18848,0.22144,-1.81934,-1.75488,-1.08691,-0.42920,1.77734,1.70898,0.67773,0.59766,0.42578,-0.30786
0.46997,0.60010,-0.17896,0.99805,0.67383,0.50391,1.46387,0.61035,0.21997,0.05725,-0.16162,0.83398,-0.17407,-0.61230,-1.44824,-0.45947,0.03940,-0.75244,-0.12286,0.09753,-0.36499,-0.84473,0.20935,-0.75439,0.01100,-0.57715,-0.22363,-0.63037,-0.74463,-0.13428,-0.50342,-0.92285,-0.22449,-0.13342,-1.10840,-0.03018
0.63867,-0.16382,-0.33105,-0.08081,0.29517,0.90869,0.60059,0.82178,0.63232,-0.45923,-1.13672,-0.46729,-0.75391,-0.19067,-0.59912,0.80664,0.94873,1.26953,-0.10376,-1.00293,-0.49341,-1.28711,0.25708,0.52002,0.63867,0.97461,1.04102,-1.08984,-0.73145,0.98730,1.05469,0.59619,-0.62256,-1.37891,0.24963,1.01270
1.30371,1.57812,1.22266,0.12891,-0.19116,-0.09705,-0.07990,-1.30762,-1.02344,-0.02765,0.84619,-0.38623,0.19592,0.28296,-0.16406,0.10321,0.71387,0.35229,0.48950,0.22595,1.56055,0.44385,1.47070,1.12109,0.62500,-1.47949,-1.31152,-1.31738,-0.95850,-1.75293,-2.10547,-0.86475,0.99707,1.25195,-1.25000,-0.13318
-0.59570,-0.23083,0.55811,1.11816,1.28613,1.57129,0.68652,-0.15930,-0.46216,0.52539,-0.11121,-0.08112,1.79688,-0.23560,0.99609,0.35645,1.25879,0.97656,0.60449,-1.79102,-1.11133,0.46021,0.14392,-0.03375,-0.18884,0.34106,1.13379,0.70703,0.62695,1.06641,0.09100,-0.33423,0.05862,0.56201,0.38379,0.99072
0.07263,1.83105,1.12891,1.85645,1.62402,0.30103,0.54688,0.70215,1.87012,1.16602,1.32031,0.21484,0.79102,-0.17078,1.90137,1.13965,-0.39526,-1.08398,-1.33398,-0.25073,-0.56152,-0.58252,-0.13147,-0.65625,-0.26392,-0.78027,-0.91064,-0.15466,-0.54004,0.36279,0.44238,-0.26538,0.84277,0.06107,0.48755,0.94824
-0.38037,0.96094,-0.43384,0.32397,0.60156,0.00718,0.69727,1.30273,2.84961,0.58398,0.51904,-0.72852,0.49512,0.62256,0.18530,-0.20496,-1.05273,-0.53809,-0.07703,-0.38770,0.12103,-0.10791,0.62939,0.01849,-0.77051,-0.43823,-0.45532,0.56689,0.76611,1.15625,1.61426,1.18457,-0.78955,-1.67480,-1.08887,0.69238
1.29785,0.89746,-0.49609,-0.66943,-0.80176,-0.85840,-0.85352,0.12634,0.93018,-0.03052,0.84814,0.95996,0.27515,0.03580,-0.67480,-1.34668,1.04395,-0.72217,-0.02167,0.09747,-0.32959,-1.03516,0.14417,1.33984,-0.02536,0.11859,0.25879,0.26440,0.07922,0.07581,0.11017,-1.54199,0.66016,2.02344,-0.75732,-0.37231
-0.40552,0.56836,-0.47876,0.22388,-0.70459,0.49414,-1.04102,-1.19238,-0.83301,-1.12012,-0.67773,-0.23889,-1.20508,-0.96631,-0.33228,0.04419,-0.11127,-0.73926,-0.29980,-1.03125,0.75342,0.45581,0.26880,-0.34521,-0.01576,-1.41113,-1.12695,0.01807,0.00011,-0.24280,0.61084,0.38184,0.02377,0.26440,0.77686,2.00000
0.39038,-2.24023,-2.87500,-1.30859,-1.84180,-0.63525,0.39648,0.68457,-0.94287,-2.25195,-0.76367,0.63184,0.28027,-1.42871,-0.10864,-0.05057,-1.88574,0.36548,-0.51074,-2.33008,-0.67236,0.41528,-0.36987,1.34668,1.16895,-0.97070,-1.54980,-1.13770,-0.48779,2.54297,1.04297,-0.65283,0.34351,-3.39453,-1.12793,0.19873
0.65381,-0.53613,0.53662,0.49292,-1.85547,-3.07617,-0.95898,-0.65723,-1.66992,-1.68652,-0.52393,-0.81250,-1.81152,-2.19141,-1.37793,0.97363,1.75684,3.65430,0.81885,0.58887,0.92529,0.59082,-0.89062,-0.28760,-0.07898,-0.53271,-0.85547,-0.82666,-0.74756,-1.93164,-2.91211,-2.48438,-3.02930,-2.88086,-0.14575,0.28467
-1.01465,-0.21863,-0.39355,1.03613,1.18555,0.61230,-0.62109,0.37744,0.64355,0.22717,-0.20105,-0.70020,0.15491,0.20398,0.77686,0.28638,0.11774,0.56836,-0.00295,-0.00059,-0.00083,0.00296,0.00319,0.00092,-0.00205,0.00018,0.00097,-0.00020,-0.00130,-0.00237,-0.00051,-0.00026,0.00149,0.00066,0.00023,0.00131
1.87891,1.18066,2.26172,1.11230,0.08417,-0.41846,-0.75488,0.77490,0.28613,-0.72949,-0.25854,0.94873,0.59424,0.47803,0.54053,0.88721,0.90576,-0.10870,0.66797,-0.14197,-0.86719,0.13354,-1.33984,1.14160,1.25293,-1.19531,0.55713,1.42578,-1.23535,-1.46973,-0.45044,-0.27563,0.34961,-0.42480,-0.18799,0.48608
-0.61084,0.72021,-0.65039,0.70020,1.09766,-0.10010,0.11188,-0.57910,0.98291,-0.51318,0.34888,-1.35449,0.64062,-0.01138,0.24573,-0.18286,0.28613,0.85840,0.30298,1.87598,1.19824,-0.67725,-0.25488,-0.45581,0.41406,-0.31812,-0.06781,-0.27100,0.19348,0.09625,0.56982,1.98828,0.43579,0.88965,0.35425,-0.76172
0.13574,-0.42090,-0.18640,-0.70410,-0.48047,-0.68701,0.44263,0.45532,-0.27588,-0.19946,-0.18860,-0.38965,0.08997,0.65527,-0.05771,0.01712,1.08105,1.06250,-0.00634,-0.03952,0.06012,0.68164,0.70166,0.31396,1.24121,1.07227,0.57129,0.17786,0.51025,0.74023,0.41919,-1.93848,-1.55469,0.55762,-0.26929,-1.07031
-1.01465,-0.21863,-0.39355,1.03613,1.18555,0.61230,-0.62109,0.37744,0.64355,0.22717,-0.20105,-0.70020,0.15491,0.20398,0.77686,0.28638,0.11774,0.56836,-0.00295,-0.00059,-0.00083,0.00296,0.00319,0.00092,-0.00205,0.00018,0.00097,-0.00020,-0.00130,-0.00237,-0.00051,-0.00026,0.00149,0.00066,0.00023,0.00131
-0.00367,0.36182,0.50244,1.23633,1.88574,0.23767,0.34570,1.28516,1.10156,0.27075,-0.74707,-1.41504,0.43823,-0.08997,0.20361,0.11346,-0.40869,-0.03452,0.01797,-0.31567,-0.16064,-0.62158,-0.16040,-0.41724,-0.16260,0.23340,-0.97949,-1.32520,-0.80420,-0.40381,0.31836,0.45288,0.19958,-0.28442,-0.69385,0.57471
-1.01465,-0.21863,-0.39355,1.03613,1.18555,0.61230,-0.62109,0.37744,0.64355,0.22717,-0.20105,-0.70020,0.15491,0.20398,0.77686,0.28638,0.11774,0.56836,-0.00295,-0.00059,-0.00083,0.00296,0.00319,0.00092,-0.00205,0.00018,0.00097,-0.00020,-0.00130,-0.00237,-0.00051,-0.00026,0.00149,0.00066,0.00023,0.00131
0.24548,-0.08527,1.88574,1.73730,0.62744,1.59570,1.56348,1.62207,0.06155,0.96582,2.23633,0.26733,0.57227,0.70264,0.06293,1.49414,1.42480,-0.59277,-0.00147,0.52881,0.07489,-0.39209,0.45483,0.63574,-0.06506,-0.19092,0.69629,-0.45801,-0.54736,-0.61523,-0.51953,0.59863,0.61182,0.93799,0.47876,0.52539
1.45410,1.37402,-2.36328,-3.08398,-0.61133,-0.13660,-0.19922,0.79443,-1.86133,-0.18628,0.04227,-0.36694,3.26172,-0.99854,-1.22656,-0.73584,-3.03711,-0.23975,-0.66504,-0.74707,-0.20386,0.45898,-0.70752,-1.13379,-1.38184,1.41992,0.67188,-0.72314,-0.67920,-0.82080,-0.49292,1.32031,1.05273,0.15100,0.51514,-0.75928
2.02344,1.19434,0.32227,0.55322,0.84521,1.32324,0.99561,-1.09766,-0.30762,0.87988,1.21094,0.72656,-1.20312,0.49536,0.82080,-0.74951,-0.21899,0.80713,0.25708,0.37866,-0.30396,0.04001,0.07471,-0.11847,0.43872,1.19336,0.45752,0.27173,0.58936,-0.31665,0.21057,0.07947,-0.88281,-0.75391,0.57178,-0.50049
0.01424,-0.11945,-0.56201,-0.83496,-1.18750,-0.83691,-1.34766,-0.56201,0.04013,-0.57129,0.50586,-0.24377,-0.76953,0.43701,0.47632,-0.35620,0.39453,1.01172,0.00249,-0.48047,-0.02505,0.41504,-0.29199,0.23169,-0.57178,-0.26025,0.62988,0.55713,0.64404,-0.78613,0.72510,0.37646,0.23706,0.70508,-0.45532,-0.29712
-0.55469,0.15698,-0.18384,-0.18188,1.02539,0.04141,0.24744,-0.46631,-1.56934,-0.08411,-0.71045,-1.20703,0.36743,-0.14771,-0.78711,-1.62305,-0.80176,-1.01758,-1.62695,-1.73047,-1.18359,-0.56787,-0.21924,0.07770,0.28296,-0.09973,0.44946,0.36499,0.84912,1.00195,0.74121,-1.01855,-0.99072,0.00791,-0.50293,-0.09229
-0.02695,-1.58887,0.09595,-1.44141,-0.40674,0.38208,0.94580,-0.05206,0.32422,-0.28760,0.52783,0.77295,-0.97314,0.02271,0.04282,1.18555,0.34180,-1.61523,0.23999,0.19519,-0.43823,0.28784,-0.22485,-0.16235,-0.55957,-0.98047,0.68799,-0.76562,0.48071,-0.44287,-0.76709,-1.25488,-3.37305,-0.26123,0.70264,0.85596
0.81055,-1.21582,0.21399,-0.61572,-0.56982,-2.16016,0.08191,-1.36719,1.22168,1.88379,-0.27612,0.57764,0.76758,1.37695,-0.90234,-1.83398,0.84570,0.16235,-2.32422,1.18652,2.84570,-2.82422,-0.45532,0.59668,-2.28125,-1.66211,-1.20605,0.32422,-0.92480,-0.72607,2.47656,1.70215,-1.16895,0.26172,-0.70459,0.19702
0.24426,0.33301,-0.43164,-0.00935,-0.31543,-0.25342,1.14258,-0.05444,-0.63721,0.04013,1.57812,2.12500,1.09180,-0.01909,-0.83984,-1.78516,-0.94922,-0.56396,1.06055,0.23071,1.54980,-0.47388,-1.85352,-1.21289,-1.74414,-1.16504,1.25000,0.23975,0.02052,2.44922,0.85498,-0.12720,-1.71191,-2.12500,0.12372,-1.09570
-1.01465,-0.21863,-0.39355,1.03613,1.18555,0.61230,-0.62109,0.37744,0.64355,0.22717,-0.20105,-0.70020,0.15491,0.20398,0.77686,0.28638,0.11774,0.56836,-0.00295,-0.00059,-0.00083,0.00296,0.00319,0.00092,-0.00205,0.00018,0.00097,-0.00020,-0.00130,-0.00237,-0.00051,-0.00026,0.00149,0.00066,0.00023,0.00131
-1.01465,-0.21863,-0.39355,1.03613,1.18555,0.61230,-0.62109,0.37744,0.64355,0.22717,-0.20105,-0.70020,0.15491,0.20398,0.77686,0.28638,0.11774,0.56836,-0.00295,-0.00059,-0.00083,0.00296,0.00319,0.00092,-0.00205,0.00018,0.00097,-0.00020,-0.00130,-0.00237,-0.00051,-0.00026,0.00149,0.00066,0.00023,0.00131
0.26440,-0.12238,0.37109,-0.79541,-0.54053,-0.07275,0.10022,0.49609,-1.04297,-1.75488,-0.50488,-0.60889,-0.87402,0.01695,-1.59180,0.26880,0.72656,-0.36084,-0.04312,1.73242,1.95312,1.48438,0.92383,-0.18896,-0.31519,-0.58887,-0.87402,-0.49658,1.17383,0.00052,-0.12323,0.78760,-0.62109,-2.12500,-2.41797,-0.53809
1.22754,0.03845,0.24622,1.29199,1.05762,2.02539,0.84180,-0.22461,0.33838,0.29297,0.76123,2.41211,2.10352,1.53125,-0.62744,0.62598,-1.17969,-0.40259,-0.20520,-0.00598,-0.12793,-0.10114,-0.50781,-0.82959,-0.29272,-0.27905,-0.40210,0.26147,0.35986,1.00391,0.59082,-0.22668,-0.36865,-0.27930,-0.17725,1.65430
0.46216,-1.01758,0.86475,-1.14941,-0.10217,-0.74072,1.58691,-0.21509,-0.54932,1.14844,-0.67920,0.87842,-0.95312,-0.61475,0.36035,1.38379,-0.05588,-2.32227,0.16675,0.11438,0.33765,0.28271,0.26416,0.20142,0.39258,0.68506,0.32739,0.34204,-0.33984,0.20044,0.64746,0.87109,0.10034,-0.57178,-0.12097,-0.25146
-1.01465,-0.21863,-0.39355,1.03613,1.18555,0.61230,-0.62109,0.37744,0.64355,0.22717,-0.20105,-0.70020,0.15491,0.20398,0.77686,0.28638,0.11774,0.56836,-0.00295,-0.00059,-0.00083,0.00296,0.00319,0.00092,-0.00205,0.00018,0.00097,-0.00020,-0.00130,-0.00237,-0.00051,-0.00026,0.00149,0.00066,0.00023,0.00131
-0.27881,0.85205,0.53809,-0.49683,-0.34229,-1.19727,-0.17297,-1.40332,0.85596,-0.39404,0.85156,-1.03027,-0.12646,-0.64697,1.40918,1.07812,-0.35205,0.42407,1.16406,0.13025,1.05273,-0.88477,-2.55664,-2.50195,-0.91992,0.62744,-0.16467,-0.91797,0.07129,-0.52930,-2.35547,-2.75391,-0.93506,0.35474,0.57617,3.21289
-2.86328,1.23145,-1.52734,-0.93848,0.13049,-1.45801,0.53223,-1.17578,-0.40552,1.14941,-1.37305,0.75146,-0.38745,0.99512,-0.24475,-0.67969,0.72998,-0.11914,-3.34766,1.13379,0.50684,1.74219,2.48828,1.31348,2.64844,1.39551,1.04785,-1.24805,-0.70654,3.51562,-0.96094,0.90625,1.88477,-0.64990,1.78418,1.66992
0.03415,-1.61133,-0.00657,-1.70605,-1.27051,-2.41406,-0.96777,-1.24121,0.18457,-2.21094,-0.46313,1.09961,-2.82422,-2.87695,-1.13867,-0.32983,-1.78223,1.04785,0.73828,1.88086,0.37256,1.33496,-0.24133,-0.79590,-2.73438,0.37476,1.46094,1.13965,0.57715,0.81689,0.45801,-1.03223,-0.09222,-0.70117,1.84082,1.16504
1.76465,0.78613,0.28247,-1.12402,-1.80957,1.32031,-0.41309,-1.26074,-0.11346,0.74268,0.93213,0.95068,-0.03201,-2.19141,-1.72559,-0.42749,0.87305,-0.42554,0.91260,-1.94434,-0.79834,-2.07031,-2.38477,2.16211,-1.48926,-2.65039,1.49414,0.57764,0.19458,1.50586,-1.23438,-3.80859,-0.51172,1.62109,1.33691,1.14062
-1.68457,1.42480,-0.95264,0.52539,-0.19141,0.80713,2.46875,-0.25293,1.49805,-0.01423,0.34619,1.41113,-0.31299,-0.14514,-1.01562,0.74170,-0.08588,0.72900,-0.32617,-2.07422,-0.55713,-1.74707,0.65332,-0.42529,0.99805,-0.83398,-1.95508,-0.89600,1.40137,0.50098,-0.26709,0.45068,0.13611,1.80859,-0.76807,-1.58887
0.40356,0.62939,1.31152,-0.64990,-1.19531,-3.01758,0.76367,-0.90332,-1.79102,0.40991,-1.00098,1.63281,-0.41748,-0.86865,0.05591,-0.05099,-0.97217,1.29297,-3.70898,5.03906,-0.04190,1.24512,2.27930,2.00195,0.60889,0.19800,0.67578,0.08673,0.99951,-0.79150,0.69580,-0.93799,1.70703,0.61670,-0.45459,1.11133
-0.98145,0.35376,-0.19409,0.14978,-0.72461,-1.18457,-1.83203,-0.97510,-0.46411,-0.40894,-0.10248,-0.55518,-0.15906,-0.68799,-0.29370,-0.59473,-1.85547,0.99512,0.04532,-0.52832,0.44751,1.05957,0.00703,0.34277,-0.08539,-0.83008,-0.18152,-0.26953,0.07373,-0.26001,-0.93311,-0.81689,0.37524,-0.46753,-0.99219,-0.43262
-1.75293,0.76807,0.12494,1.33594,0.05621,0.74121,-0.09131,0.02415,0.49219,2.14258,0.13208,0.32227,0.49194,1.27539,0.74609,0.77490,0.34985,0.13452,0.60205,2.73633,1.29492,0.47363,-2.22656,-2.90820,-1.51074,-3.70898,-0.81104,0.01387,-0.00987,-0.06378,-0.58398,-1.84082,-1.68457,0.06131,-1.51367,-0.32422
0.00093,-0.22754,-1.11621,0.52051,0.62256,0.78467,0.13184,0.59131,-0.19080,-0.40210,-0.99756,-2.06445,-0.89990,0.35083,1.15430,0.22729,0.06445,0.22644,4.82422,-1.04883,0.20935,-3.04297,-1.25879,-0.01973,2.24805,-0.63721,-2.74805,1.34375,-0.67188,-0.36768,-2.35156,0.93311,1.13965,-2.18359,1.70801,-3.50977
-0.34937,0.76904,-1.02637,-1.12793,-0.58447,-0.61963,-0.24011,0.03558,-0.80713,0.14795,0.65967,1.04883,1.32129,0.63428,0.66748,0.39185,0.54395,0.16602,-0.09552,-0.59131,-0.08881,-0.50684,0.33228,0.83643,0.19678,0.27930,0.14355,-0.06192,0.56592,0.91846,-0.17236,1.18457,1.19824,0.29761,-1.05566,-0.25342
-0.83789,0.27881,-0.15137,-0.47510,-0.80859,-0.48169,-0.38330,-1.19727,-2.00195,-0.25220,0.01238,0.86865,0.67969,2.24805,0.66016,0.65967,0.91211,0.60352,0.18823,0.46313,-0.02911,-0.00339,-0.09155,0.46484,0.74609,-0.01810,-0.43677,0.25708,0.71924,1.44531,0.88818,-0.19580,0.27344,1.31348,0.33521,-1.30664
0.17444,-1.03320,-1.45898,-1.11230,-1.03906,-0.05902,-0.49365,-0.32690,1.01953,-0.09265,-1.07422,0.14172,-0.37573,-0.38159,-0.71436,-1.32324,-2.19922,-1.66699,-1.71094,0.53418,-0.13477,-0.53613,1.71582,2.36523,2.03125,0.65381,-1.55762,-0.45996,-1.21680,-1.94531,-2.01562,0.25757,0.84277,0.72559,-0.28687,-0.70312
-1.11914,-0.95312,-0.10138,-1.17773,-0.49585,-0.73828,0.74707,-0.50342,-0.07385,0.77832,0.65918,2.00781,0.99463,1.37793,0.85693,0.77393,-0.29199,-0.36060,-0.23438,0.08618,0.09271,0.62793,0.51514,0.43213,0.33032,0.05344,0.75781,0.23828,-0.17371,0.00655,-0.73145,-0.26685,0.27979,0.88721,0.77148,0.53613
0.13342,-1.22461,0.63232,-0.75391,-0.96094,0.48779,0.44434,-0.31763,0.83252,1.35156,0.67627,-0.66357,-0.48560,-0.03833,-1.05762,0.55859,0.57324,0.76758,-0.01440,-0.72510,-0.71387,-0.78857,-0.41406,0.09973,0.58447,-0.73828,-0.19849,-0.23865,0.57568,-1.30859,-1.59668,-0.09473,-1.98438,-0.98145,0.60010,1.45703
-0.35400,0.50146,0.07782,1.57520,1.48145,1.24316,-0.21362,1.10645,1.37695,1.12988,0.90332,0.57715,1.69336,1.99805,2.42773,1.88379,1.35742,1.41406,-0.25220,0.12622,-0.14905,0.05426,0.16418,0.24573,-0.28296,-0.55176,-0.24915,0.10229,0.15405,-0.13867,-0.27515,0.14087,-0.79736,0.20593,-0.25708,0.67383
0.70508,-0.97852,-0.21826,-1.49902,-0.74414,-1.27930,-1.26074,-0.91504,-1.36719,-1.94824,-0.80713,-0.85449,-0.16919,0.95068,1.02246,-1.00781,-0.88721,-0.51074,-0.16260,-0.16907,-0.66113,-0.20300,0.96143,1.49902,0.78076,-0.05310,0.56641,1.91016,0.93115,-0.29663,-0.35229,0.08789,-0.52539,0.85254,0.70508,-0.72949
-2.05469,-0.68262,-0.77295,-0.09906,0.17993,0.62891,-0.31030,0.76514,0.62109,-1.22168,-1.40625,1.27246,1.41016,2.23633,0.96631,0.73975,0.88770,0.91113,0.24768,-0.24036,0.38647,0.22815,0.19312,-0.64453,0.40039,0.69727,0.94531,0.70361,0.60352,-0.48804,-0.86768,-1.61914,-0.27539,-0.02609,0.20227,0.90088
1.34766,0.21521,0.39038,0.21265,0.80518,0.63477,1.02148,1.00098,0.86621,0.47266,0.96240,1.53809,0.07990,0.87207,-0.35669,-0.07294,-0.28003,-1.43457,-0.45947,-0.86963,-0.19836,0.74072,-0.08752,-0.60645,0.25562,-0.44629,0.12244,-1.44336,0.33057,1.49023,-1.13574,0.05331,-0.59180,1.09668,1.06445,-0.65625
